-- phpMyAdmin SQL Dump
-- version 5.1.1
-- https://www.phpmyadmin.net/
--
-- Servidor: 127.0.0.1
-- Tiempo de generación: 11-08-2023 a las 18:55:31
-- Versión del servidor: 10.4.22-MariaDB
-- Versión de PHP: 8.1.1

SET SQL_MODE = "NO_AUTO_VALUE_ON_ZERO";
START TRANSACTION;
SET time_zone = "+00:00";


/*!40101 SET @OLD_CHARACTER_SET_CLIENT=@@CHARACTER_SET_CLIENT */;
/*!40101 SET @OLD_CHARACTER_SET_RESULTS=@@CHARACTER_SET_RESULTS */;
/*!40101 SET @OLD_COLLATION_CONNECTION=@@COLLATION_CONNECTION */;
/*!40101 SET NAMES utf8mb4 */;

--
-- Base de datos: `citas`
--

-- --------------------------------------------------------

--
-- Estructura de tabla para la tabla `citas_cata_gustos`
--

CREATE TABLE `Citas_Cata_Gustos` (
  `Id` int(11) NOT NULL,
  `Nombre` char(30) NOT NULL
) ENGINE=InnoDB DEFAULT CHARSET=utf8mb4;

--
-- Volcado de datos para la tabla `citas_cata_gustos`
--

INSERT INTO `Citas_Cata_Gustos` (`Id`, `Nombre`) VALUES
(1, 'Bailar'),
(2, 'Yoga'),
(3, 'Juegos de Mesa'),
(4, 'Correr'),
(5, 'Nadar'),
(6, 'Leer'),
(7, 'Caminar'),
(8, 'Antro'),
(9, 'Beber'),
(10, 'Fumar'),
(11, 'Platicar'),
(12, 'Afectivo'),
(13, 'Serio'),
(14, 'Casual'),
(15, 'Formal'),
(16, 'Enojon'),
(17, 'Pensante'),
(18, 'Precavid@'),
(19, 'Fotografia'),
(20, 'Redes Sociales'),
(21, 'Disfrazarse'),
(22, 'Estudiar'),
(23, 'Trabajar'),
(24, 'Fut bol'),
(25, 'Basket'),
(26, 'Volley'),
(27, 'Tenis'),
(28, 'Ajedrez'),
(29, 'Pintura'),
(30, 'Arte'),
(31, 'Fiesta'),
(32, 'Soledad'),
(33, 'Amigos'),
(34, 'Familia'),
(35, 'Organizad@'),
(36, 'Limpi@'),
(37, 'Honest@'),
(38, 'Tecnologic@'),
(39, 'Velocidad'),
(40, 'Paz'),
(41, 'Banda'),
(42, 'Rock'),
(43, 'Pop'),
(44, 'Instrumental'),
(45, 'Caser@');

-- --------------------------------------------------------

--
-- Estructura de tabla para la tabla `citas_citas`
--

CREATE TABLE `Citas_Citas` (
  `Id` int(10) UNSIGNED NOT NULL,
  `Id_Invita` int(11) DEFAULT NULL,
  `Id_Acepta` int(11) DEFAULT NULL,
  `Fecha` date DEFAULT NULL,
  `Ubicacion` varchar(50) DEFAULT NULL,
  `Calif1` int(11) DEFAULT NULL,
  `Calif2` int(11) DEFAULT NULL,
  `Id_Estatus` int(11) DEFAULT NULL
) ENGINE=InnoDB DEFAULT CHARSET=utf8mb4;

--
-- Volcado de datos para la tabla `citas_citas`
--

INSERT INTO `Citas_Citas` (`Id`, `Id_Invita`, `Id_Acepta`, `Fecha`, `Ubicacion`, `Calif1`, `Calif2`, `Id_Estatus`) VALUES
(4, 99, 190, '2022-01-11', '-19.9989499904, -143.3394297856', 0, 0, 3),
(7, 210, 28, '2019-11-21', '-81.0092818432, 23.0912919552', 4, 2, 2),
(11, 90, 164, '2019-08-19', '-70.3170516992, -95.2350175232', 6, 0, 2),
(12, 132, 66, '2021-08-18', '-64.4793817088, -99.7068873728', 6, 4, 1),
(14, 144, 103, '2020-04-22', '40.4721021952, 96.3025456128', 0, 0, 3),
(15, 128, 16, '2021-02-17', '-32.01883392, 112.2861678592', 0, 0, 3),
(17, 25, 186, '2019-08-26', '-18.7989970944, 97.3880185856', 4, 2, 2),
(20, 234, 106, '2020-05-15', '-10.0859459584, 57.6974743552', 5, 3, 2),
(22, 12, 63, '2021-04-24', '27.1080500224, 138.6732173312', 10, 7, 1),
(23, 229, 121, '2020-07-01', '-31.5422181376, -160.4922836992', 4, 4, 1),
(27, 231, 89, '2021-05-03', '30.1340279808, 106.3201273856', 9, 8, 2),
(31, 163, 129, '2021-11-23', '-55.685499904, 8.105664512', 0, 0, 2),
(33, 11, 174, '2021-07-21', '24.8811815936, 152.0733252608', 0, 8, 1),
(34, 247, 188, '2020-07-26', '73.993641984, -20.2516455424', 3, 0, 1),
(35, 203, 48, '2019-04-02', '-46.7755012096, -19.6203698176', 5, 9, 2),
(48, 219, 177, '2020-02-11', '-18.7075439616, 51.4373522432', 0, 0, 3),
(50, 149, 153, '2021-06-08', '-6.2987185152, -66.8517183488', 1, 4, 1),
(63, 112, 86, '2021-07-05', '4.0291326976, -21.2211575808', 6, 4, 1),
(64, 76, 220, '2021-01-18', '83.1605174272, -147.5043052544', 6, 6, 2),
(65, 241, 203, '2021-03-27', '20.994266112, -179.4785502208', 0, 10, 2),
(66, 48, 42, '2020-07-27', '67.7729521664, -179.6093897728', 0, 0, 3),
(67, 141, 56, '2019-08-20', '52.0195805184, -173.3686007808', 5, 3, 2),
(68, 96, 231, '2021-08-31', '-52.1090131968, -141.9299197952', 4, 4, 2),
(69, 38, 225, '2019-04-09', '-70.5020311552, -63.342776832', 0, 0, 3),
(70, 160, 112, '2021-08-25', '-54.5728151552, 64.801389056', 2, 4, 1),
(78, 3, 137, '2020-11-06', '7.9871729664, 143.9798759424', 0, 0, 3),
(79, 149, 49, '2019-02-11', '-47.5859001344, 58.1010010112', 0, 0, 3),
(80, 191, 135, '2020-02-25', '80.0752128, -123.5598661632', 4, 9, 1),
(82, 8, 34, '2021-02-07', '-49.7202905088, 34.66115584', 9, 7, 2),
(87, 40, 121, '2019-04-12', '0.0741726208, 143.193509888', 7, 8, 2),
(88, 102, 39, '2020-02-24', '-68.5247007744, -55.1155483648', 9, 4, 2),
(93, 50, 185, '2020-05-06', '6.0141712384, -173.9357262848', 1, 1, 2),
(97, 237, 143, '2021-03-30', '-54.9595693056, -43.3911365632', 3, 9, 2),
(98, 206, 116, '2020-09-23', '-75.4287328256, -163.3443191808', 4, 3, 2),
(100, 27, 212, '2019-12-31', '60.1633324032, -81.2351581184', 2, 4, 2),
(113, 167, 4, '2019-06-24', '-3.1617032192, 80.7376966656', 6, 7, 2),
(114, 129, 208, '2019-02-27', '82.5789116416, -84.9947807744', 6, 7, 2),
(115, 31, 111, '2020-04-04', '-5.206257664, -16.3579855872', 0, 0, 3),
(118, 161, 238, '2019-07-05', '34.2279486464, -7.8861308928', 8, 8, 2),
(120, 115, 133, '2020-04-02', '86.4697495552, -165.886445056', 0, 0, 3),
(122, 208, 2, '2021-02-05', '33.6750206976, 172.182674944', 3, 5, 2),
(125, 115, 24, '2021-12-06', '76.5585975296, -50.536396288', 3, 4, 1),
(130, 233, 32, '2021-10-26', '-10.8462389248, -99.8336009216', 3, 4, 2),
(132, 250, 111, '2021-01-01', '-79.47947008, 29.1271877632', 2, 8, 2),
(140, 149, 144, '2019-01-30', '-75.2674092032, -18.9081281536', 3, 4, 1),
(150, 101, 95, '2021-12-25', '14.2624270336, -12.0076452864', 5, 5, 2),
(151, 89, 10, '2019-12-10', '87.000841728, 44.7207959552', 0, 0, 3),
(155, 20, 11, '2019-09-28', '-5.815335936, 99.8508588032', 0, 0, 3),
(162, 82, 15, '2019-05-31', '-34.716231168, -111.9113801728', 7, 2, 2),
(164, 68, 104, '2019-11-12', '-8.5776592896, -4.4221356032', 9, 7, 2),
(168, 35, 15, '2021-01-23', '-62.5907904512, -66.7379213312', 2, 1, 1),
(170, 164, 108, '2020-08-11', '4.8881820672, -113.2458238976', 0, 0, 3),
(171, 164, 121, '2021-08-27', '20.6809946112, 115.387918336', 0, 0, 3),
(172, 99, 72, '2020-03-12', '46.6275762176, 174.111796736', 1, 8, 2),
(177, 62, 14, '2020-03-31', '82.13481472, 176.6052919296', 9, 5, 2),
(180, 109, 175, '2020-05-25', '-63.1711741952, -162.7759130624', 1, 8, 1),
(183, 43, 224, '2019-12-15', '52.443248128, 167.2102284288', 0, 0, 3),
(184, 27, 20, '2021-09-26', '39.6855894016, -112.4818255872', 10, 3, 1),
(191, 68, 111, '2019-07-20', '-34.173792256, -164.2334195712', 0, 0, 3),
(197, 151, 128, '2021-12-24', '74.283820544, -78.9073073152', 1, 7, 1),
(204, 30, 33, '2021-05-05', '52.4512413696, -11.2661088256', 5, 3, 2),
(206, 104, 170, '2019-11-28', '80.8105996288, 112.7138774016', 2, 3, 2),
(209, 218, 55, '2021-08-10', '66.4345163776, -95.9685436416', 3, 1, 1),
(210, 136, 22, '2019-05-30', '-19.237950976, -15.07568128', 1, 4, 2),
(213, 222, 91, '2019-10-25', '61.7692817408, -38.9086754816', 8, 4, 2),
(216, 42, 18, '2019-02-03', '-61.1381339136, -24.636708864', 6, 2, 2),
(219, 192, 227, '2020-05-28', '80.1940322304, -25.0944559104', 9, 2, 2),
(221, 41, 27, '2019-09-07', '-53.0652843008, -154.460995072', 1, 8, 2),
(223, 248, 31, '2020-02-14', '-88.5655319552, 39.3853887488', 0, 0, 3),
(224, 149, 132, '2019-01-20', '-60.862246912, -85.1788060672', 2, 2, 2),
(229, 9, 112, '2021-07-22', '-58.1713250304, 132.9120623616', 2, 7, 1),
(234, 118, 227, '2021-01-16', '3.954739712, 83.08768256', 6, 3, 2);

-- --------------------------------------------------------

--
-- Estructura de tabla para la tabla `citas_estatus`
--

CREATE TABLE `Citas_Estatus` (
  `Id` int(11) NOT NULL,
  `Nombre` char(20) NOT NULL
) ENGINE=InnoDB DEFAULT CHARSET=utf8mb4;

--
-- Volcado de datos para la tabla `citas_estatus`
--

INSERT INTO `Citas_Estatus` (`Id`, `Nombre`) VALUES
(1, 'Pendiente'),
(2, 'Hecho'),
(3, 'Cancelada');

-- --------------------------------------------------------

--
-- Estructura de tabla para la tabla `citas_gustos`
--

CREATE TABLE `Citas_Gustos` (
  `Id` int(11) NOT NULL,
  `Id_Usuario` int(11) DEFAULT NULL,
  `Id_Gusto` int(11) DEFAULT NULL
) ENGINE=InnoDB DEFAULT CHARSET=utf8mb4;

--
-- Volcado de datos para la tabla `citas_gustos`
--

INSERT INTO `Citas_Gustos` (`Id`, `Id_Usuario`, `Id_Gusto`) VALUES
(6, 1, 4),
(13, 1, 8),
(12, 1, 14),
(3, 1, 17),
(11, 1, 21),
(2, 1, 26),
(5, 1, 28),
(4, 1, 29),
(9, 1, 33),
(10, 1, 34),
(1, 1, 37),
(8, 1, 40),
(21, 2, 7),
(27, 2, 14),
(25, 2, 15),
(17, 2, 16),
(18, 2, 22),
(26, 2, 32),
(19, 2, 33),
(14, 2, 34),
(23, 2, 37),
(15, 2, 39),
(16, 2, 41),
(20, 2, 42),
(38, 3, 9),
(36, 3, 12),
(28, 3, 15),
(30, 3, 20),
(37, 3, 23),
(39, 3, 24),
(35, 3, 27),
(32, 3, 28),
(33, 3, 34),
(34, 3, 37),
(31, 3, 38),
(29, 3, 40),
(45, 4, 4),
(42, 4, 6),
(51, 4, 14),
(43, 4, 16),
(53, 4, 18),
(40, 4, 23),
(46, 4, 26),
(48, 4, 27),
(47, 4, 30),
(50, 4, 36),
(44, 4, 44),
(41, 4, 45),
(64, 5, 3),
(58, 5, 7),
(54, 5, 10),
(65, 5, 12),
(57, 5, 13),
(66, 5, 15),
(62, 5, 29),
(59, 5, 30),
(63, 5, 32),
(61, 5, 36),
(55, 5, 42),
(60, 5, 45),
(76, 6, 1),
(80, 6, 2),
(77, 6, 3),
(67, 6, 15),
(71, 6, 16),
(73, 6, 17),
(69, 6, 23),
(68, 6, 24),
(81, 6, 34),
(70, 6, 36),
(78, 6, 42),
(82, 6, 44),
(92, 7, 5),
(91, 7, 7),
(90, 7, 8),
(83, 7, 12),
(88, 7, 16),
(87, 7, 17),
(94, 7, 21),
(93, 7, 22),
(84, 7, 28),
(89, 7, 35),
(86, 7, 40),
(85, 7, 41),
(95, 8, 2),
(108, 8, 5),
(102, 8, 16),
(100, 8, 17),
(97, 8, 20),
(105, 8, 21),
(106, 8, 23),
(104, 8, 31),
(98, 8, 32),
(103, 8, 35),
(99, 8, 41),
(96, 8, 43),
(117, 9, 3),
(113, 9, 5),
(111, 9, 8),
(122, 9, 9),
(110, 9, 16),
(119, 9, 17),
(115, 9, 21),
(120, 9, 23),
(112, 9, 24),
(114, 9, 28),
(116, 9, 29),
(109, 9, 42),
(133, 10, 9),
(125, 10, 10),
(134, 10, 11),
(131, 10, 13),
(123, 10, 20),
(128, 10, 21),
(135, 10, 23),
(126, 10, 25),
(132, 10, 28),
(130, 10, 31),
(124, 10, 34),
(127, 10, 35),
(141, 11, 2),
(147, 11, 3),
(140, 11, 4),
(142, 11, 8),
(138, 11, 9),
(139, 11, 12),
(146, 11, 19),
(143, 11, 28),
(145, 11, 32),
(136, 11, 34),
(144, 11, 35),
(137, 11, 38),
(149, 12, 10),
(157, 12, 17),
(159, 12, 19),
(158, 12, 20),
(153, 12, 22),
(152, 12, 27),
(156, 12, 28),
(150, 12, 31),
(154, 12, 35),
(155, 12, 37),
(151, 12, 40),
(148, 12, 45),
(164, 13, 2),
(162, 13, 11),
(166, 13, 12),
(171, 13, 18),
(160, 13, 28),
(168, 13, 31),
(161, 13, 35),
(165, 13, 39),
(173, 13, 40),
(170, 13, 42),
(163, 13, 43),
(169, 13, 44),
(185, 14, 11),
(180, 14, 14),
(174, 14, 15),
(179, 14, 17),
(182, 14, 18),
(183, 14, 19),
(181, 14, 20),
(176, 14, 26),
(177, 14, 36),
(184, 14, 38),
(178, 14, 39),
(175, 14, 41),
(198, 15, 5),
(197, 15, 8),
(188, 15, 12),
(190, 15, 14),
(193, 15, 16),
(201, 15, 21),
(192, 15, 22),
(187, 15, 28),
(196, 15, 29),
(186, 15, 35),
(189, 15, 40),
(191, 15, 41),
(207, 16, 2),
(206, 16, 10),
(209, 16, 11),
(203, 16, 13),
(202, 16, 14),
(210, 16, 23),
(205, 16, 24),
(211, 16, 27),
(213, 16, 29),
(204, 16, 33),
(212, 16, 41),
(208, 16, 42),
(218, 17, 2),
(226, 17, 5),
(222, 17, 16),
(223, 17, 17),
(220, 17, 31),
(224, 17, 32),
(225, 17, 33),
(215, 17, 36),
(227, 17, 38),
(217, 17, 42),
(214, 17, 43),
(216, 17, 45),
(238, 18, 7),
(241, 18, 11),
(234, 18, 22),
(235, 18, 23),
(232, 18, 26),
(237, 18, 27),
(236, 18, 28),
(233, 18, 32),
(239, 18, 35),
(231, 18, 36),
(228, 18, 39),
(229, 18, 42),
(250, 19, 3),
(248, 19, 4),
(251, 19, 8),
(242, 19, 16),
(243, 19, 19),
(252, 19, 28),
(245, 19, 31),
(254, 19, 32),
(253, 19, 33),
(244, 19, 37),
(247, 19, 44),
(255, 19, 45),
(266, 20, 1),
(263, 20, 2),
(264, 20, 7),
(261, 20, 11),
(257, 20, 13),
(258, 20, 25),
(265, 20, 26),
(256, 20, 27),
(260, 20, 33),
(262, 20, 39),
(267, 20, 41),
(259, 20, 42),
(276, 21, 6),
(269, 21, 11),
(274, 21, 12),
(270, 21, 18),
(268, 21, 20),
(271, 21, 21),
(283, 21, 29),
(275, 21, 31),
(282, 21, 32),
(278, 21, 33),
(279, 21, 38),
(272, 21, 40),
(296, 22, 1),
(289, 22, 2),
(286, 22, 8),
(292, 22, 11),
(287, 22, 12),
(293, 22, 14),
(288, 22, 15),
(290, 22, 25),
(285, 22, 36),
(294, 22, 41),
(284, 22, 42),
(295, 22, 44),
(304, 23, 1),
(299, 23, 6),
(303, 23, 12),
(301, 23, 17),
(302, 23, 20),
(305, 23, 24),
(308, 23, 25),
(300, 23, 26),
(298, 23, 27),
(307, 23, 33),
(297, 23, 36),
(306, 23, 44),
(309, 24, 1),
(321, 24, 2),
(317, 24, 8),
(315, 24, 11),
(314, 24, 12),
(320, 24, 14),
(311, 24, 15),
(319, 24, 25),
(316, 24, 32),
(318, 24, 36),
(313, 24, 38),
(310, 24, 43),
(324, 25, 3),
(323, 25, 15),
(330, 25, 19),
(326, 25, 22),
(328, 25, 24),
(332, 25, 27),
(331, 25, 29),
(333, 25, 32),
(325, 25, 38),
(322, 25, 39),
(329, 25, 40),
(327, 25, 41),
(340, 26, 2),
(334, 26, 5),
(337, 26, 8),
(338, 26, 9),
(342, 26, 13),
(347, 26, 23),
(335, 26, 25),
(341, 26, 28),
(345, 26, 29),
(336, 26, 41),
(346, 26, 43),
(344, 26, 44),
(350, 27, 5),
(348, 27, 9),
(356, 27, 11),
(349, 27, 13),
(360, 27, 16),
(363, 27, 25),
(361, 27, 28),
(352, 27, 31),
(359, 27, 36),
(357, 27, 38),
(353, 27, 41),
(351, 27, 42),
(370, 28, 4),
(365, 28, 10),
(376, 28, 12),
(378, 28, 13),
(364, 28, 15),
(371, 28, 21),
(374, 28, 22),
(367, 28, 24),
(375, 28, 25),
(377, 28, 36),
(368, 28, 37),
(366, 28, 44),
(383, 29, 1),
(382, 29, 5),
(381, 29, 8),
(390, 29, 12),
(386, 29, 15),
(387, 29, 28),
(389, 29, 30),
(385, 29, 36),
(380, 29, 37),
(388, 29, 40),
(379, 29, 44),
(384, 29, 45),
(403, 30, 3),
(402, 30, 4),
(396, 30, 5),
(391, 30, 16),
(398, 30, 17),
(404, 30, 20),
(392, 30, 27),
(401, 30, 29),
(399, 30, 32),
(394, 30, 33),
(395, 30, 36),
(393, 30, 37),
(408, 31, 4),
(405, 31, 5),
(413, 31, 6),
(416, 31, 9),
(412, 31, 10),
(406, 31, 12),
(414, 31, 14),
(409, 31, 21),
(411, 31, 31),
(410, 31, 33),
(417, 31, 39),
(407, 31, 44),
(421, 32, 7),
(430, 32, 8),
(419, 32, 13),
(420, 32, 21),
(427, 32, 24),
(423, 32, 25),
(426, 32, 28),
(425, 32, 29),
(422, 32, 32),
(429, 32, 36),
(418, 32, 38),
(424, 32, 42),
(437, 33, 3),
(444, 33, 12),
(440, 33, 15),
(438, 33, 17),
(433, 33, 22),
(439, 33, 25),
(431, 33, 26),
(436, 33, 29),
(432, 33, 32),
(434, 33, 34),
(441, 33, 41),
(442, 33, 44),
(458, 34, 4),
(446, 34, 5),
(445, 34, 7),
(450, 34, 13),
(453, 34, 18),
(457, 34, 19),
(456, 34, 21),
(455, 34, 22),
(447, 34, 28),
(448, 34, 30),
(451, 34, 32),
(454, 34, 38),
(463, 35, 3),
(466, 35, 7),
(462, 35, 10),
(472, 35, 20),
(461, 35, 22),
(464, 35, 23),
(470, 35, 25),
(469, 35, 29),
(459, 35, 36),
(460, 35, 39),
(468, 35, 42),
(465, 35, 44),
(478, 36, 1),
(484, 36, 3),
(481, 36, 9),
(482, 36, 11),
(474, 36, 15),
(475, 36, 17),
(486, 36, 20),
(476, 36, 26),
(479, 36, 28),
(480, 36, 32),
(473, 36, 36),
(477, 36, 45),
(499, 37, 4),
(494, 37, 6),
(492, 37, 9),
(491, 37, 14),
(487, 37, 17),
(496, 37, 33),
(490, 37, 34),
(488, 37, 35),
(489, 37, 40),
(502, 37, 41),
(498, 37, 43),
(493, 37, 44),
(516, 38, 4),
(510, 38, 5),
(508, 38, 11),
(506, 38, 14),
(507, 38, 16),
(503, 38, 19),
(512, 38, 21),
(515, 38, 24),
(514, 38, 34),
(511, 38, 35),
(513, 38, 38),
(504, 38, 42),
(524, 39, 2),
(523, 39, 7),
(525, 39, 12),
(527, 39, 17),
(517, 39, 23),
(522, 39, 27),
(529, 39, 32),
(518, 39, 33),
(526, 39, 34),
(521, 39, 38),
(519, 39, 40),
(528, 39, 45),
(537, 40, 1),
(535, 40, 2),
(539, 40, 7),
(538, 40, 9),
(536, 40, 13),
(533, 40, 14),
(530, 40, 28),
(534, 40, 30),
(540, 40, 31),
(541, 40, 34),
(532, 40, 39),
(531, 40, 41),
(551, 41, 7),
(543, 41, 13),
(546, 41, 14),
(545, 41, 16),
(544, 41, 22),
(548, 41, 26),
(555, 41, 31),
(549, 41, 32),
(547, 41, 35),
(542, 41, 38),
(550, 41, 42),
(558, 41, 45),
(564, 42, 2),
(559, 42, 3),
(567, 42, 4),
(566, 42, 11),
(561, 42, 12),
(560, 42, 25),
(562, 42, 28),
(569, 42, 29),
(568, 42, 30),
(570, 42, 35),
(563, 42, 36),
(565, 42, 42),
(577, 43, 3),
(576, 43, 4),
(574, 43, 8),
(584, 43, 10),
(580, 43, 13),
(571, 43, 14),
(579, 43, 15),
(572, 43, 18),
(578, 43, 21),
(583, 43, 28),
(573, 43, 38),
(575, 43, 44),
(586, 44, 5),
(585, 44, 9),
(588, 44, 12),
(595, 44, 13),
(600, 44, 17),
(592, 44, 21),
(594, 44, 22),
(590, 44, 30),
(598, 44, 32),
(591, 44, 36),
(589, 44, 43),
(587, 44, 45),
(604, 45, 1),
(605, 45, 3),
(603, 45, 11),
(611, 45, 17),
(609, 45, 26),
(612, 45, 28),
(602, 45, 30),
(610, 45, 31),
(606, 45, 33),
(608, 45, 38),
(607, 45, 39),
(601, 45, 45),
(624, 46, 2),
(613, 46, 3),
(619, 46, 5),
(626, 46, 11),
(618, 46, 13),
(621, 46, 17),
(616, 46, 18),
(617, 46, 21),
(620, 46, 29),
(622, 46, 35),
(614, 46, 41),
(625, 46, 43),
(636, 47, 3),
(640, 47, 9),
(630, 47, 10),
(643, 47, 15),
(644, 47, 16),
(631, 47, 18),
(634, 47, 21),
(628, 47, 24),
(645, 47, 29),
(635, 47, 31),
(632, 47, 35),
(627, 47, 36),
(651, 48, 1),
(658, 48, 3),
(653, 48, 7),
(648, 48, 8),
(654, 48, 9),
(656, 48, 16),
(650, 48, 22),
(646, 48, 28),
(647, 48, 38),
(649, 48, 39),
(652, 48, 41),
(657, 48, 44),
(663, 49, 3),
(665, 49, 4),
(666, 49, 10),
(664, 49, 17),
(661, 49, 19),
(660, 49, 22),
(672, 49, 23),
(659, 49, 24),
(668, 49, 25),
(671, 49, 30),
(662, 49, 31),
(669, 49, 34),
(688, 50, 4),
(681, 50, 9),
(678, 50, 15),
(679, 50, 18),
(680, 50, 19),
(682, 50, 23),
(676, 50, 30),
(677, 50, 31),
(675, 50, 35),
(687, 50, 36),
(673, 50, 37),
(674, 50, 44),
(695, 51, 8),
(694, 51, 9),
(698, 51, 11),
(693, 51, 19),
(700, 51, 20),
(699, 51, 25),
(690, 51, 26),
(697, 51, 27),
(689, 51, 30),
(691, 51, 33),
(696, 51, 38),
(692, 51, 45),
(704, 52, 1),
(711, 52, 3),
(713, 52, 11),
(706, 52, 14),
(710, 52, 16),
(701, 52, 17),
(708, 52, 18),
(707, 52, 28),
(714, 52, 30),
(703, 52, 32),
(705, 52, 42),
(702, 52, 45),
(725, 53, 2),
(724, 53, 10),
(727, 53, 20),
(726, 53, 21),
(717, 53, 24),
(720, 53, 28),
(715, 53, 29),
(723, 53, 34),
(716, 53, 36),
(722, 53, 37),
(718, 53, 38),
(721, 53, 40),
(732, 54, 1),
(729, 54, 5),
(735, 54, 7),
(740, 54, 8),
(734, 54, 13),
(738, 54, 22),
(728, 54, 23),
(730, 54, 26),
(733, 54, 36),
(736, 54, 37),
(739, 54, 42),
(731, 54, 43),
(745, 55, 1),
(752, 55, 4),
(754, 55, 5),
(753, 55, 11),
(746, 55, 13),
(751, 55, 16),
(741, 55, 20),
(743, 55, 24),
(742, 55, 26),
(744, 55, 34),
(748, 55, 36),
(750, 55, 42),
(758, 56, 4),
(767, 56, 8),
(756, 56, 11),
(760, 56, 12),
(766, 56, 13),
(765, 56, 15),
(764, 56, 20),
(768, 56, 29),
(755, 56, 33),
(761, 56, 34),
(757, 56, 38),
(759, 56, 39),
(773, 57, 2),
(769, 57, 4),
(771, 57, 5),
(784, 57, 8),
(776, 57, 9),
(774, 57, 15),
(777, 57, 18),
(772, 57, 32),
(780, 57, 35),
(778, 57, 36),
(770, 57, 40),
(781, 57, 43),
(788, 58, 1),
(793, 58, 2),
(792, 58, 5),
(786, 58, 9),
(790, 58, 11),
(795, 58, 13),
(785, 58, 14),
(797, 58, 15),
(794, 58, 18),
(787, 58, 22),
(796, 58, 40),
(789, 58, 44),
(803, 59, 2),
(801, 59, 9),
(799, 59, 10),
(802, 59, 13),
(808, 59, 20),
(805, 59, 25),
(804, 59, 29),
(798, 59, 31),
(806, 59, 32),
(810, 59, 33),
(800, 59, 35),
(807, 59, 39),
(811, 60, 2),
(819, 60, 10),
(820, 60, 16),
(814, 60, 17),
(815, 60, 23),
(812, 60, 30),
(818, 60, 31),
(813, 60, 32),
(817, 60, 36),
(816, 60, 38),
(823, 60, 40),
(824, 60, 44),
(825, 61, 1),
(826, 61, 6),
(827, 61, 12),
(829, 61, 24),
(828, 61, 27),
(832, 61, 31),
(837, 61, 32),
(830, 61, 35),
(833, 61, 36),
(831, 61, 37),
(836, 61, 40),
(834, 61, 45),
(841, 62, 1),
(849, 62, 3),
(840, 62, 9),
(845, 62, 10),
(846, 62, 12),
(848, 62, 15),
(843, 62, 20),
(839, 62, 23),
(838, 62, 25),
(847, 62, 27),
(842, 62, 28),
(844, 62, 36),
(855, 63, 5),
(852, 63, 9),
(863, 63, 10),
(859, 63, 11),
(860, 63, 14),
(861, 63, 21),
(862, 63, 28),
(850, 63, 35),
(856, 63, 36),
(853, 63, 38),
(851, 63, 40),
(854, 63, 44),
(870, 64, 1),
(876, 64, 2),
(875, 64, 4),
(873, 64, 12),
(877, 64, 13),
(871, 64, 15),
(866, 64, 20),
(869, 64, 25),
(872, 64, 36),
(868, 64, 37),
(865, 64, 38),
(864, 64, 42),
(884, 65, 8),
(890, 65, 13),
(887, 65, 14),
(879, 65, 18),
(883, 65, 22),
(891, 65, 25),
(888, 65, 27),
(880, 65, 29),
(886, 65, 31),
(885, 65, 32),
(881, 65, 42),
(878, 65, 45),
(893, 66, 3),
(898, 66, 6),
(894, 66, 8),
(892, 66, 10),
(903, 66, 13),
(901, 66, 20),
(900, 66, 23),
(897, 66, 26),
(902, 66, 30),
(899, 66, 39),
(895, 66, 43),
(896, 66, 44),
(913, 67, 1),
(909, 67, 5),
(911, 67, 8),
(906, 67, 9),
(908, 67, 12),
(912, 67, 13),
(910, 67, 19),
(904, 67, 21),
(914, 67, 27),
(916, 67, 31),
(905, 67, 42),
(907, 67, 43),
(920, 68, 5),
(921, 68, 6),
(926, 68, 7),
(928, 68, 11),
(918, 68, 17),
(919, 68, 22),
(927, 68, 23),
(917, 68, 24),
(930, 68, 31),
(925, 68, 33),
(922, 68, 41),
(929, 68, 43),
(936, 69, 1),
(937, 69, 7),
(945, 69, 11),
(938, 69, 15),
(934, 69, 16),
(939, 69, 18),
(932, 69, 24),
(941, 69, 28),
(942, 69, 34),
(943, 69, 35),
(931, 69, 39),
(944, 69, 40),
(950, 70, 5),
(947, 70, 6),
(954, 70, 8),
(953, 70, 10),
(957, 70, 16),
(951, 70, 17),
(949, 70, 19),
(946, 70, 23),
(948, 70, 25),
(958, 70, 30),
(959, 70, 36),
(956, 70, 42),
(967, 71, 3),
(970, 71, 8),
(963, 71, 9),
(969, 71, 10),
(966, 71, 16),
(960, 71, 18),
(965, 71, 19),
(961, 71, 23),
(972, 71, 34),
(962, 71, 37),
(975, 71, 39),
(971, 71, 43),
(989, 72, 1),
(979, 72, 4),
(991, 72, 5),
(978, 72, 7),
(976, 72, 8),
(977, 72, 12),
(992, 72, 14),
(983, 72, 23),
(981, 72, 25),
(984, 72, 33),
(982, 72, 37),
(980, 72, 43),
(995, 73, 3),
(999, 73, 4),
(1002, 73, 12),
(1004, 73, 15),
(997, 73, 16),
(1000, 73, 17),
(994, 73, 19),
(1003, 73, 23),
(996, 73, 28),
(993, 73, 35),
(998, 73, 44),
(1001, 73, 45),
(1010, 74, 2),
(1015, 74, 3),
(1006, 74, 6),
(1018, 74, 11),
(1007, 74, 14),
(1012, 74, 18),
(1009, 74, 28),
(1011, 74, 30),
(1005, 74, 31),
(1013, 74, 32),
(1014, 74, 34),
(1008, 74, 39),
(1021, 75, 5),
(1024, 75, 7),
(1030, 75, 9),
(1020, 75, 12),
(1029, 75, 13),
(1028, 75, 14),
(1027, 75, 16),
(1025, 75, 23),
(1022, 75, 24),
(1026, 75, 38),
(1019, 75, 43),
(1023, 75, 45),
(1042, 76, 3),
(1034, 76, 7),
(1035, 76, 11),
(1043, 76, 14),
(1033, 76, 25),
(1031, 76, 26),
(1037, 76, 29),
(1038, 76, 31),
(1036, 76, 33),
(1041, 76, 39),
(1032, 76, 41),
(1040, 76, 44),
(1053, 77, 1),
(1050, 77, 2),
(1047, 77, 22),
(1049, 77, 24),
(1046, 77, 28),
(1051, 77, 29),
(1055, 77, 30),
(1048, 77, 32),
(1052, 77, 34),
(1045, 77, 38),
(1054, 77, 43),
(1044, 77, 45),
(1065, 78, 1),
(1066, 78, 3),
(1059, 78, 4),
(1068, 78, 5),
(1070, 78, 8),
(1060, 78, 25),
(1064, 78, 28),
(1056, 78, 30),
(1063, 78, 31),
(1058, 78, 36),
(1057, 78, 37),
(1069, 78, 38),
(1079, 79, 8),
(1081, 79, 9),
(1074, 79, 10),
(1071, 79, 14),
(1078, 79, 21),
(1084, 79, 22),
(1073, 79, 31),
(1080, 79, 34),
(1072, 79, 35),
(1075, 79, 40),
(1076, 79, 42),
(1082, 79, 44),
(1085, 80, 6),
(1087, 80, 7),
(1094, 80, 11),
(1096, 80, 16),
(1090, 80, 20),
(1098, 80, 22),
(1093, 80, 24),
(1097, 80, 26),
(1091, 80, 28),
(1089, 80, 36),
(1086, 80, 41),
(1088, 80, 45),
(1103, 81, 6),
(1108, 81, 7),
(1101, 81, 8),
(1100, 81, 12),
(1107, 81, 15),
(1102, 81, 24),
(1111, 81, 25),
(1104, 81, 28),
(1110, 81, 31),
(1099, 81, 39),
(1106, 81, 44),
(1105, 81, 45),
(1120, 82, 2),
(1114, 82, 3),
(1116, 82, 6),
(1123, 82, 11),
(1119, 82, 15),
(1115, 82, 19),
(1117, 82, 22),
(1113, 82, 25),
(1112, 82, 27),
(1126, 82, 31),
(1122, 82, 33),
(1118, 82, 38),
(1131, 83, 2),
(1129, 83, 5),
(1128, 83, 6),
(1138, 83, 7),
(1133, 83, 10),
(1139, 83, 13),
(1134, 83, 18),
(1135, 83, 19),
(1132, 83, 24),
(1136, 83, 25),
(1130, 83, 31),
(1127, 83, 41),
(1149, 84, 1),
(1141, 84, 3),
(1148, 84, 4),
(1144, 84, 7),
(1145, 84, 12),
(1140, 84, 18),
(1152, 84, 22),
(1142, 84, 23),
(1151, 84, 26),
(1143, 84, 27),
(1146, 84, 34),
(1147, 84, 41),
(1157, 85, 6),
(1153, 85, 9),
(1160, 85, 11),
(1159, 85, 13),
(1155, 85, 23),
(1156, 85, 27),
(1154, 85, 30),
(1165, 85, 32),
(1158, 85, 35),
(1166, 85, 37),
(1162, 85, 42),
(1161, 85, 44),
(1171, 86, 1),
(1178, 86, 8),
(1169, 86, 10),
(1182, 86, 13),
(1175, 86, 15),
(1177, 86, 24),
(1174, 86, 28),
(1176, 86, 29),
(1173, 86, 36),
(1168, 86, 37),
(1167, 86, 38),
(1180, 86, 41),
(1184, 87, 3),
(1195, 87, 5),
(1188, 87, 6),
(1187, 87, 9),
(1194, 87, 11),
(1196, 87, 16),
(1190, 87, 19),
(1185, 87, 23),
(1183, 87, 33),
(1191, 87, 34),
(1193, 87, 39),
(1189, 87, 40),
(1199, 88, 5),
(1204, 88, 10),
(1201, 88, 15),
(1210, 88, 19),
(1200, 88, 20),
(1205, 88, 26),
(1197, 88, 31),
(1203, 88, 35),
(1211, 88, 36),
(1202, 88, 41),
(1198, 88, 43),
(1209, 88, 45),
(1218, 89, 2),
(1214, 89, 3),
(1212, 89, 5),
(1213, 89, 9),
(1216, 89, 10),
(1217, 89, 19),
(1222, 89, 21),
(1220, 89, 24),
(1223, 89, 28),
(1221, 89, 29),
(1219, 89, 34),
(1215, 89, 39),
(1229, 90, 2),
(1236, 90, 8),
(1237, 90, 9),
(1225, 90, 12),
(1228, 90, 24),
(1227, 90, 26),
(1230, 90, 27),
(1235, 90, 29),
(1224, 90, 30),
(1234, 90, 32),
(1231, 90, 39),
(1226, 90, 41),
(1248, 91, 1),
(1241, 91, 4),
(1245, 91, 16),
(1249, 91, 18),
(1247, 91, 19),
(1238, 91, 20),
(1239, 91, 21),
(1243, 91, 29),
(1246, 91, 36),
(1242, 91, 37),
(1240, 91, 39),
(1244, 91, 40),
(1256, 92, 1),
(1254, 92, 8),
(1260, 92, 15),
(1257, 92, 25),
(1250, 92, 26),
(1264, 92, 27),
(1255, 92, 29),
(1251, 92, 31),
(1253, 92, 32),
(1258, 92, 33),
(1252, 92, 36),
(1263, 92, 44),
(1266, 93, 7),
(1275, 93, 9),
(1269, 93, 13),
(1270, 93, 21),
(1271, 93, 25),
(1265, 93, 28),
(1272, 93, 32),
(1267, 93, 33),
(1273, 93, 36),
(1274, 93, 38),
(1268, 93, 40),
(1276, 93, 44),
(1284, 94, 2),
(1282, 94, 10),
(1280, 94, 12),
(1290, 94, 18),
(1281, 94, 20),
(1286, 94, 22),
(1277, 94, 23),
(1285, 94, 31),
(1287, 94, 34),
(1279, 94, 37),
(1283, 94, 38),
(1278, 94, 44),
(1291, 95, 1),
(1292, 95, 6),
(1301, 95, 10),
(1293, 95, 14),
(1294, 95, 16),
(1306, 95, 17),
(1299, 95, 19),
(1295, 95, 25),
(1303, 95, 38),
(1296, 95, 39),
(1302, 95, 40),
(1300, 95, 43),
(1310, 96, 1),
(1312, 96, 2),
(1320, 96, 4),
(1316, 96, 5),
(1308, 96, 11),
(1321, 96, 13),
(1307, 96, 14),
(1313, 96, 15),
(1317, 96, 31),
(1311, 96, 32),
(1314, 96, 37),
(1309, 96, 44),
(1331, 97, 2),
(1324, 97, 3),
(1322, 97, 6),
(1328, 97, 8),
(1326, 97, 11),
(1323, 97, 12),
(1329, 97, 15),
(1327, 97, 24),
(1332, 97, 27),
(1336, 97, 35),
(1335, 97, 37),
(1334, 97, 42),
(1337, 98, 1),
(1343, 98, 3),
(1344, 98, 8),
(1348, 98, 11),
(1338, 98, 13),
(1346, 98, 16),
(1341, 98, 19),
(1342, 98, 23),
(1340, 98, 26),
(1345, 98, 29),
(1350, 98, 44),
(1351, 98, 45),
(1361, 99, 3),
(1363, 99, 4),
(1367, 99, 12),
(1360, 99, 14),
(1353, 99, 16),
(1352, 99, 20),
(1364, 99, 23),
(1358, 99, 28),
(1354, 99, 39),
(1359, 99, 41),
(1357, 99, 42),
(1362, 99, 44),
(1369, 100, 1),
(1370, 100, 3),
(1380, 100, 9),
(1374, 100, 17),
(1376, 100, 18),
(1371, 100, 21),
(1373, 100, 22),
(1375, 100, 27),
(1379, 100, 28),
(1368, 100, 29),
(1377, 100, 43),
(1381, 100, 45),
(1393, 101, 1),
(1382, 101, 3),
(1387, 101, 11),
(1384, 101, 17),
(1383, 101, 18),
(1394, 101, 22),
(1388, 101, 26),
(1390, 101, 29),
(1392, 101, 30),
(1385, 101, 31),
(1395, 101, 33),
(1386, 101, 42),
(1401, 102, 1),
(1396, 102, 11),
(1398, 102, 14),
(1404, 102, 15),
(1403, 102, 16),
(1406, 102, 21),
(1405, 102, 26),
(1407, 102, 30),
(1399, 102, 33),
(1397, 102, 34),
(1408, 102, 41),
(1402, 102, 44),
(1420, 103, 1),
(1415, 103, 4),
(1418, 103, 8),
(1419, 103, 9),
(1409, 103, 12),
(1416, 103, 15),
(1411, 103, 16),
(1413, 103, 23),
(1410, 103, 26),
(1414, 103, 28),
(1417, 103, 38),
(1412, 103, 39),
(1429, 104, 5),
(1426, 104, 8),
(1432, 104, 14),
(1428, 104, 15),
(1425, 104, 21),
(1431, 104, 24),
(1422, 104, 26),
(1427, 104, 29),
(1424, 104, 31),
(1430, 104, 37),
(1421, 104, 42),
(1433, 104, 43),
(1444, 105, 15),
(1438, 105, 21),
(1436, 105, 24),
(1434, 105, 26),
(1437, 105, 29),
(1443, 105, 34),
(1435, 105, 35),
(1446, 105, 38),
(1440, 105, 39),
(1441, 105, 41),
(1442, 105, 43),
(1439, 105, 44),
(1451, 106, 1),
(1447, 106, 2),
(1449, 106, 5),
(1450, 106, 11),
(1452, 106, 18),
(1457, 106, 19),
(1455, 106, 22),
(1453, 106, 31),
(1458, 106, 32),
(1456, 106, 34),
(1459, 106, 35),
(1448, 106, 36),
(1468, 107, 3),
(1463, 107, 6),
(1464, 107, 9),
(1467, 107, 14),
(1469, 107, 17),
(1470, 107, 23),
(1462, 107, 27),
(1471, 107, 30),
(1465, 107, 33),
(1461, 107, 35),
(1466, 107, 40),
(1460, 107, 41),
(1476, 108, 2),
(1473, 108, 4),
(1472, 108, 10),
(1480, 108, 18),
(1482, 108, 19),
(1481, 108, 27),
(1485, 108, 33),
(1479, 108, 34),
(1484, 108, 35),
(1474, 108, 39),
(1483, 108, 41),
(1477, 108, 44),
(1497, 109, 12),
(1488, 109, 16),
(1486, 109, 19),
(1490, 109, 20),
(1494, 109, 21),
(1491, 109, 22),
(1492, 109, 23),
(1487, 109, 25),
(1496, 109, 27),
(1495, 109, 34),
(1499, 109, 39),
(1498, 109, 44),
(1511, 110, 1),
(1500, 110, 12),
(1505, 110, 14),
(1503, 110, 15),
(1512, 110, 23),
(1510, 110, 32),
(1502, 110, 33),
(1506, 110, 34),
(1504, 110, 39),
(1509, 110, 41),
(1501, 110, 44),
(1507, 110, 45),
(1523, 111, 10),
(1522, 111, 14),
(1524, 111, 15),
(1513, 111, 17),
(1515, 111, 18),
(1521, 111, 20),
(1519, 111, 23),
(1520, 111, 30),
(1518, 111, 42),
(1517, 111, 43),
(1516, 111, 44),
(1514, 111, 45),
(1534, 112, 8),
(1528, 112, 9),
(1538, 112, 14),
(1530, 112, 15),
(1525, 112, 16),
(1536, 112, 19),
(1533, 112, 20),
(1526, 112, 29),
(1537, 112, 30),
(1531, 112, 40),
(1527, 112, 41),
(1535, 112, 45),
(1546, 113, 1),
(1539, 113, 6),
(1552, 113, 14),
(1549, 113, 20),
(1548, 113, 21),
(1540, 113, 22),
(1550, 113, 23),
(1553, 113, 29),
(1544, 113, 33),
(1545, 113, 35),
(1542, 113, 36),
(1541, 113, 40),
(1564, 114, 10),
(1562, 114, 11),
(1557, 114, 13),
(1560, 114, 14),
(1556, 114, 15),
(1566, 114, 17),
(1555, 114, 18),
(1559, 114, 21),
(1563, 114, 22),
(1561, 114, 23),
(1565, 114, 40),
(1554, 114, 43),
(1578, 115, 1),
(1573, 115, 2),
(1567, 115, 7),
(1572, 115, 11),
(1579, 115, 21),
(1570, 115, 27),
(1576, 115, 28),
(1574, 115, 30),
(1569, 115, 34),
(1571, 115, 35),
(1568, 115, 40),
(1575, 115, 41),
(1592, 116, 3),
(1582, 116, 9),
(1583, 116, 12),
(1588, 116, 18),
(1587, 116, 19),
(1580, 116, 23),
(1594, 116, 31),
(1584, 116, 35),
(1586, 116, 36),
(1593, 116, 38),
(1581, 116, 40),
(1585, 116, 41),
(1597, 117, 1),
(1608, 117, 4),
(1596, 117, 6),
(1603, 117, 9),
(1599, 117, 16),
(1601, 117, 23),
(1595, 117, 24),
(1598, 117, 28),
(1605, 117, 33),
(1604, 117, 35),
(1600, 117, 39),
(1602, 117, 41),
(1613, 118, 2),
(1616, 118, 5),
(1611, 118, 7),
(1612, 118, 8),
(1617, 118, 12),
(1619, 118, 23),
(1614, 118, 27),
(1610, 118, 28),
(1609, 118, 32),
(1621, 118, 33),
(1615, 118, 38),
(1620, 118, 44),
(1633, 119, 7),
(1623, 119, 14),
(1630, 119, 17),
(1628, 119, 21),
(1634, 119, 23),
(1631, 119, 25),
(1629, 119, 26),
(1632, 119, 27),
(1625, 119, 28),
(1622, 119, 32),
(1627, 119, 37),
(1635, 119, 45),
(1640, 120, 10),
(1637, 120, 12),
(1636, 120, 13),
(1642, 120, 16),
(1638, 120, 18),
(1643, 120, 19),
(1649, 120, 22),
(1646, 120, 24),
(1641, 120, 28),
(1644, 120, 29),
(1647, 120, 33),
(1639, 120, 44),
(1655, 121, 7),
(1650, 121, 10),
(1652, 121, 13),
(1657, 121, 19),
(1656, 121, 21),
(1658, 121, 22),
(1654, 121, 24),
(1662, 121, 38),
(1659, 121, 39),
(1651, 121, 41),
(1653, 121, 43),
(1660, 121, 45),
(1664, 122, 4),
(1669, 122, 13),
(1665, 122, 19),
(1671, 122, 21),
(1672, 122, 22),
(1663, 122, 27),
(1668, 122, 29),
(1667, 122, 31),
(1670, 122, 32),
(1674, 122, 37),
(1675, 122, 38),
(1676, 122, 43),
(1691, 123, 3),
(1680, 123, 9),
(1686, 123, 10),
(1688, 123, 15),
(1678, 123, 19),
(1682, 123, 20),
(1681, 123, 21),
(1677, 123, 24),
(1687, 123, 31),
(1683, 123, 32),
(1684, 123, 37),
(1679, 123, 42),
(1692, 124, 1),
(1700, 124, 4),
(1706, 124, 10),
(1701, 124, 11),
(1699, 124, 14),
(1695, 124, 16),
(1696, 124, 23),
(1704, 124, 30),
(1693, 124, 33),
(1705, 124, 34),
(1697, 124, 36),
(1694, 124, 44),
(1724, 125, 1),
(1713, 125, 2),
(1717, 125, 5),
(1710, 125, 10),
(1708, 125, 15),
(1707, 125, 18),
(1712, 125, 23),
(1715, 125, 26),
(1718, 125, 30),
(1714, 125, 32),
(1719, 125, 35),
(1716, 125, 44),
(1733, 126, 1),
(1736, 126, 2),
(1732, 126, 6),
(1730, 126, 11),
(1731, 126, 12),
(1729, 126, 17),
(1734, 126, 23),
(1726, 126, 25),
(1728, 126, 26),
(1725, 126, 36),
(1735, 126, 37),
(1727, 126, 39),
(1738, 127, 5),
(1741, 127, 6),
(1743, 127, 12),
(1742, 127, 17),
(1737, 127, 18),
(1740, 127, 22),
(1748, 127, 23),
(1747, 127, 24),
(1744, 127, 26),
(1739, 127, 38),
(1749, 127, 44),
(1745, 127, 45),
(1755, 128, 3),
(1754, 128, 12),
(1757, 128, 26),
(1759, 128, 28),
(1761, 128, 29),
(1760, 128, 31),
(1762, 128, 33),
(1751, 128, 35),
(1758, 128, 37),
(1753, 128, 38),
(1752, 128, 39),
(1750, 128, 42),
(1771, 129, 1),
(1763, 129, 3),
(1777, 129, 4),
(1766, 129, 5),
(1780, 129, 9),
(1769, 129, 14),
(1765, 129, 17),
(1778, 129, 18),
(1767, 129, 23),
(1776, 129, 24),
(1764, 129, 28),
(1772, 129, 31),
(1782, 130, 2),
(1791, 130, 8),
(1788, 130, 15),
(1785, 130, 19),
(1784, 130, 20),
(1783, 130, 22),
(1789, 130, 28),
(1793, 130, 34),
(1787, 130, 36),
(1786, 130, 39),
(1790, 130, 43),
(1781, 130, 45),
(1795, 131, 4),
(1800, 131, 8),
(1806, 131, 11),
(1804, 131, 12),
(1797, 131, 21),
(1799, 131, 22),
(1796, 131, 24),
(1794, 131, 25),
(1802, 131, 29),
(1803, 131, 33),
(1801, 131, 34),
(1808, 131, 37),
(1811, 132, 6),
(1812, 132, 7),
(1810, 132, 11),
(1813, 132, 14),
(1819, 132, 16),
(1816, 132, 21),
(1809, 132, 22),
(1820, 132, 25),
(1818, 132, 28),
(1817, 132, 30),
(1815, 132, 43),
(1814, 132, 44),
(1828, 133, 1),
(1822, 133, 12),
(1823, 133, 13),
(1825, 133, 15),
(1829, 133, 24),
(1830, 133, 25),
(1826, 133, 29),
(1824, 133, 30),
(1821, 133, 31),
(1831, 133, 39),
(1834, 133, 42),
(1827, 133, 45),
(1836, 134, 1),
(1845, 134, 4),
(1839, 134, 7),
(1840, 134, 9),
(1837, 134, 10),
(1835, 134, 13),
(1843, 134, 14),
(1842, 134, 23),
(1846, 134, 24),
(1841, 134, 32),
(1838, 134, 34),
(1847, 134, 35),
(1854, 135, 4),
(1848, 135, 6),
(1850, 135, 8),
(1852, 135, 13),
(1858, 135, 15),
(1860, 135, 16),
(1857, 135, 18),
(1862, 135, 25),
(1849, 135, 26),
(1851, 135, 39),
(1861, 135, 42),
(1856, 135, 45),
(1871, 136, 1),
(1868, 136, 2),
(1875, 136, 7),
(1865, 136, 12),
(1873, 136, 19),
(1867, 136, 30),
(1864, 136, 31),
(1870, 136, 32),
(1866, 136, 35),
(1863, 136, 37),
(1874, 136, 38),
(1869, 136, 42),
(1882, 137, 1),
(1885, 137, 13),
(1878, 137, 15),
(1891, 137, 21),
(1889, 137, 26),
(1886, 137, 27),
(1880, 137, 29),
(1881, 137, 30),
(1877, 137, 32),
(1879, 137, 34),
(1890, 137, 36),
(1876, 137, 42),
(1892, 138, 3),
(1898, 138, 13),
(1901, 138, 14),
(1894, 138, 20),
(1908, 138, 21),
(1905, 138, 24),
(1904, 138, 31),
(1897, 138, 33),
(1893, 138, 40),
(1899, 138, 42),
(1903, 138, 44),
(1895, 138, 45),
(1916, 139, 8),
(1912, 139, 10),
(1910, 139, 13),
(1920, 139, 23),
(1909, 139, 27),
(1917, 139, 32),
(1915, 139, 33),
(1913, 139, 36),
(1918, 139, 41),
(1914, 139, 43),
(1919, 139, 44),
(1921, 139, 45),
(1933, 140, 1),
(1923, 140, 2),
(1922, 140, 3),
(1932, 140, 4),
(1926, 140, 5),
(1931, 140, 6),
(1928, 140, 7),
(1930, 140, 15),
(1927, 140, 22),
(1929, 140, 35),
(1925, 140, 38),
(1924, 140, 43),
(1934, 141, 2),
(1938, 141, 4),
(1935, 141, 5),
(1939, 141, 16),
(1940, 141, 18),
(1944, 141, 23),
(1941, 141, 26),
(1943, 141, 29),
(1937, 141, 33),
(1942, 141, 34),
(1945, 141, 40),
(1936, 141, 44),
(1946, 142, 1),
(1955, 142, 2),
(1951, 142, 4),
(1952, 142, 9),
(1953, 142, 13),
(1949, 142, 15),
(1956, 142, 20),
(1948, 142, 22),
(1957, 142, 26),
(1947, 142, 37),
(1954, 142, 38),
(1950, 142, 45),
(1967, 143, 3),
(1958, 143, 14),
(1962, 143, 16),
(1969, 143, 21),
(1959, 143, 22),
(1961, 143, 24),
(1963, 143, 29),
(1965, 143, 35),
(1964, 143, 36),
(1966, 143, 38),
(1968, 143, 43),
(1960, 143, 45),
(1973, 144, 3),
(1980, 144, 4),
(1976, 144, 10),
(1978, 144, 14),
(1970, 144, 16),
(1971, 144, 29),
(1979, 144, 30),
(1974, 144, 32),
(1983, 144, 35),
(1972, 144, 36),
(1977, 144, 37),
(1982, 144, 40),
(1995, 145, 1),
(1990, 145, 2),
(1989, 145, 5),
(1987, 145, 6),
(1984, 145, 7),
(1991, 145, 11),
(1986, 145, 21),
(1996, 145, 35),
(1994, 145, 37),
(1988, 145, 39),
(1985, 145, 41),
(1993, 145, 42),
(2004, 146, 3),
(2006, 146, 5),
(2002, 146, 10),
(1998, 146, 14),
(2005, 146, 17),
(2001, 146, 22),
(1997, 146, 23),
(2003, 146, 25),
(2007, 146, 26),
(2000, 146, 37),
(1999, 146, 39),
(2008, 146, 40),
(2017, 147, 1),
(2019, 147, 6),
(2012, 147, 10),
(2014, 147, 17),
(2009, 147, 18),
(2010, 147, 20),
(2016, 147, 24),
(2020, 147, 26),
(2011, 147, 27),
(2018, 147, 34),
(2021, 147, 35),
(2013, 147, 40),
(2030, 148, 2),
(2029, 148, 8),
(2027, 148, 9),
(2032, 148, 11),
(2023, 148, 14),
(2024, 148, 20),
(2028, 148, 24),
(2031, 148, 26),
(2033, 148, 31),
(2022, 148, 33),
(2026, 148, 38),
(2025, 148, 41),
(2035, 149, 3),
(2040, 149, 8),
(2041, 149, 13),
(2036, 149, 18),
(2046, 149, 20),
(2043, 149, 22),
(2048, 149, 23),
(2034, 149, 30),
(2042, 149, 33),
(2037, 149, 35),
(2038, 149, 41),
(2045, 149, 42),
(2056, 150, 1),
(2058, 150, 2),
(2053, 150, 7),
(2060, 150, 8),
(2055, 150, 18),
(2051, 150, 20),
(2052, 150, 24),
(2050, 150, 25),
(2049, 150, 26),
(2059, 150, 32),
(2057, 150, 35),
(2054, 150, 42),
(2067, 151, 3),
(2068, 151, 4),
(2066, 151, 10),
(2073, 151, 19),
(2064, 151, 23),
(2061, 151, 24),
(2072, 151, 30),
(2074, 151, 31),
(2062, 151, 32),
(2063, 151, 37),
(2070, 151, 41),
(2069, 151, 43),
(2083, 152, 1),
(2078, 152, 2),
(2080, 152, 3),
(2082, 152, 4),
(2088, 152, 5),
(2077, 152, 12),
(2076, 152, 14),
(2086, 152, 21),
(2085, 152, 33),
(2075, 152, 37),
(2084, 152, 43),
(2079, 152, 45),
(2102, 153, 6),
(2093, 153, 12),
(2095, 153, 13),
(2092, 153, 15),
(2089, 153, 19),
(2091, 153, 21),
(2097, 153, 23),
(2090, 153, 25),
(2098, 153, 31),
(2094, 153, 33),
(2100, 153, 38),
(2099, 153, 39),
(2110, 154, 2),
(2106, 154, 3),
(2114, 154, 14),
(2104, 154, 16),
(2105, 154, 17),
(2117, 154, 20),
(2111, 154, 23),
(2107, 154, 25),
(2113, 154, 27),
(2108, 154, 32),
(2112, 154, 35),
(2103, 154, 39),
(2129, 155, 4),
(2122, 155, 8),
(2126, 155, 13),
(2127, 155, 21),
(2123, 155, 25),
(2125, 155, 28),
(2128, 155, 29),
(2120, 155, 30),
(2119, 155, 36),
(2118, 155, 42),
(2124, 155, 43),
(2121, 155, 45),
(2138, 156, 6),
(2136, 156, 7),
(2139, 156, 10),
(2141, 156, 11),
(2133, 156, 12),
(2140, 156, 14),
(2134, 156, 35),
(2132, 156, 37),
(2130, 156, 40),
(2142, 156, 42),
(2137, 156, 43),
(2131, 156, 45),
(2145, 157, 5),
(2144, 157, 6),
(2150, 157, 9),
(2146, 157, 10),
(2149, 157, 14),
(2151, 157, 15),
(2152, 157, 17),
(2147, 157, 18),
(2153, 157, 24),
(2143, 157, 26),
(2155, 157, 29),
(2148, 157, 35),
(2164, 158, 2),
(2160, 158, 5),
(2163, 158, 8),
(2157, 158, 11),
(2156, 158, 18),
(2167, 158, 24),
(2159, 158, 30),
(2165, 158, 34),
(2161, 158, 35),
(2168, 158, 37),
(2162, 158, 39),
(2158, 158, 42),
(2181, 159, 3),
(2180, 159, 9),
(2169, 159, 10),
(2173, 159, 15),
(2177, 159, 18),
(2172, 159, 19),
(2179, 159, 25),
(2175, 159, 28),
(2171, 159, 30),
(2174, 159, 34),
(2170, 159, 40),
(2176, 159, 43),
(2195, 160, 2),
(2189, 160, 3),
(2182, 160, 5),
(2193, 160, 7),
(2197, 160, 10),
(2184, 160, 21),
(2186, 160, 25),
(2183, 160, 26),
(2187, 160, 30),
(2198, 160, 32),
(2196, 160, 34),
(2185, 160, 40),
(2212, 161, 7),
(2203, 161, 13),
(2211, 161, 15),
(2201, 161, 19),
(2206, 161, 20),
(2205, 161, 26),
(2200, 161, 27),
(2207, 161, 32),
(2199, 161, 33),
(2210, 161, 36),
(2202, 161, 38),
(2213, 161, 44),
(2216, 162, 1),
(2223, 162, 6),
(2220, 162, 7),
(2221, 162, 8),
(2215, 162, 19),
(2222, 162, 21),
(2219, 162, 22),
(2214, 162, 24),
(2224, 162, 26),
(2218, 162, 32),
(2225, 162, 36),
(2217, 162, 45),
(2229, 163, 2),
(2235, 163, 5),
(2241, 163, 7),
(2237, 163, 8),
(2230, 163, 18),
(2232, 163, 19),
(2238, 163, 25),
(2227, 163, 30),
(2233, 163, 32),
(2236, 163, 33),
(2226, 163, 37),
(2231, 163, 43),
(2242, 164, 2),
(2246, 164, 9),
(2256, 164, 13),
(2243, 164, 22),
(2253, 164, 26),
(2250, 164, 28),
(2249, 164, 31),
(2255, 164, 34),
(2247, 164, 36),
(2251, 164, 40),
(2244, 164, 42),
(2248, 164, 43),
(2269, 165, 1),
(2263, 165, 4),
(2266, 165, 10),
(2258, 165, 14),
(2260, 165, 15),
(2261, 165, 23),
(2264, 165, 25),
(2257, 165, 26),
(2265, 165, 35),
(2267, 165, 39),
(2259, 165, 42),
(2270, 165, 43),
(2274, 166, 1),
(2276, 166, 5),
(2271, 166, 8),
(2281, 166, 10),
(2280, 166, 12),
(2279, 166, 15),
(2272, 166, 16),
(2282, 166, 17),
(2283, 166, 21),
(2273, 166, 23),
(2277, 166, 30),
(2275, 166, 38),
(2294, 167, 1),
(2285, 167, 8),
(2297, 167, 11),
(2293, 167, 19),
(2284, 167, 20),
(2289, 167, 21),
(2286, 167, 29),
(2287, 167, 35),
(2288, 167, 37),
(2298, 167, 38),
(2296, 167, 41),
(2295, 167, 42),
(2306, 168, 1),
(2304, 168, 4),
(2301, 168, 6),
(2311, 168, 10),
(2303, 168, 15),
(2300, 168, 18),
(2310, 168, 25),
(2309, 168, 34),
(2302, 168, 35),
(2305, 168, 37),
(2299, 168, 38),
(2307, 168, 44),
(2324, 169, 3),
(2317, 169, 4),
(2314, 169, 5),
(2320, 169, 7),
(2312, 169, 12),
(2313, 169, 15),
(2327, 169, 16),
(2322, 169, 22),
(2325, 169, 35),
(2316, 169, 36),
(2321, 169, 43),
(2315, 169, 44),
(2333, 170, 1),
(2331, 170, 4),
(2339, 170, 5),
(2328, 170, 11),
(2338, 170, 13),
(2334, 170, 22),
(2330, 170, 23),
(2335, 170, 24),
(2329, 170, 27),
(2340, 170, 31),
(2342, 170, 34),
(2337, 170, 39),
(2343, 171, 3),
(2349, 171, 10),
(2347, 171, 12),
(2351, 171, 14),
(2355, 171, 16),
(2353, 171, 19),
(2354, 171, 20),
(2348, 171, 21),
(2344, 171, 29),
(2345, 171, 40),
(2346, 171, 43),
(2350, 171, 45),
(2361, 172, 1),
(2365, 172, 9),
(2366, 172, 10),
(2363, 172, 15),
(2360, 172, 19),
(2367, 172, 21),
(2357, 172, 25),
(2356, 172, 28),
(2358, 172, 31),
(2364, 172, 39),
(2369, 172, 42),
(2359, 172, 43),
(2376, 173, 1),
(2374, 173, 6),
(2375, 173, 11),
(2381, 173, 14),
(2370, 173, 15),
(2371, 173, 22),
(2383, 173, 24),
(2377, 173, 27),
(2379, 173, 28),
(2372, 173, 36),
(2378, 173, 37),
(2382, 173, 43),
(2394, 174, 1),
(2396, 174, 3),
(2387, 174, 7),
(2392, 174, 8),
(2389, 174, 17),
(2391, 174, 18),
(2395, 174, 20),
(2388, 174, 25),
(2386, 174, 27),
(2390, 174, 34),
(2385, 174, 39),
(2384, 174, 43),
(2402, 175, 3),
(2401, 175, 6),
(2409, 175, 16),
(2400, 175, 17),
(2399, 175, 24),
(2405, 175, 26),
(2397, 175, 28),
(2410, 175, 29),
(2406, 175, 37),
(2403, 175, 38),
(2398, 175, 40),
(2404, 175, 45),
(2416, 176, 1),
(2421, 176, 3),
(2418, 176, 8),
(2412, 176, 14),
(2411, 176, 20),
(2414, 176, 24),
(2413, 176, 27),
(2417, 176, 35),
(2424, 176, 37),
(2419, 176, 39),
(2425, 176, 41),
(2415, 176, 45),
(2426, 177, 8),
(2437, 177, 12),
(2432, 177, 17),
(2435, 177, 20),
(2434, 177, 22),
(2429, 177, 26),
(2430, 177, 27),
(2433, 177, 32),
(2428, 177, 33),
(2427, 177, 35),
(2438, 177, 37),
(2436, 177, 39),
(2444, 178, 5),
(2439, 178, 6),
(2446, 178, 7),
(2440, 178, 15),
(2448, 178, 20),
(2441, 178, 23),
(2451, 178, 26),
(2450, 178, 28),
(2442, 178, 34),
(2452, 178, 36),
(2449, 178, 39),
(2447, 178, 40),
(2456, 179, 2),
(2463, 179, 5),
(2455, 179, 7),
(2462, 179, 10),
(2458, 179, 17),
(2464, 179, 18),
(2453, 179, 25),
(2460, 179, 27),
(2461, 179, 28),
(2454, 179, 32),
(2457, 179, 37),
(2459, 179, 45),
(2476, 180, 2),
(2468, 180, 7),
(2469, 180, 10),
(2470, 180, 11),
(2466, 180, 12),
(2474, 180, 13),
(2465, 180, 19),
(2467, 180, 24),
(2473, 180, 27),
(2472, 180, 30),
(2475, 180, 31),
(2471, 180, 39),
(2483, 181, 3),
(2487, 181, 7),
(2484, 181, 8),
(2486, 181, 11),
(2485, 181, 12),
(2481, 181, 16),
(2482, 181, 18),
(2480, 181, 20),
(2477, 181, 24),
(2479, 181, 27),
(2488, 181, 31),
(2478, 181, 36),
(2501, 182, 2),
(2493, 182, 6),
(2498, 182, 12),
(2489, 182, 15),
(2500, 182, 18),
(2491, 182, 22),
(2495, 182, 23),
(2492, 182, 26),
(2503, 182, 28),
(2502, 182, 30),
(2499, 182, 41),
(2490, 182, 43),
(2512, 183, 2),
(2507, 183, 4),
(2504, 183, 7),
(2508, 183, 10),
(2505, 183, 11),
(2517, 183, 18),
(2506, 183, 21),
(2509, 183, 23),
(2514, 183, 29),
(2511, 183, 35),
(2515, 183, 38),
(2510, 183, 43),
(2524, 184, 16),
(2530, 184, 22),
(2521, 184, 25),
(2525, 184, 29),
(2528, 184, 30),
(2519, 184, 32),
(2523, 184, 33),
(2529, 184, 34),
(2520, 184, 39),
(2526, 184, 40),
(2527, 184, 42),
(2518, 184, 44),
(2532, 185, 2),
(2537, 185, 6),
(2531, 185, 14),
(2539, 185, 16),
(2535, 185, 20),
(2541, 185, 22),
(2536, 185, 23),
(2538, 185, 26),
(2540, 185, 29),
(2533, 185, 36),
(2542, 185, 37),
(2534, 185, 40),
(2548, 186, 3),
(2545, 186, 10),
(2551, 186, 15),
(2550, 186, 16),
(2553, 186, 19),
(2546, 186, 21),
(2549, 186, 26),
(2552, 186, 27),
(2543, 186, 34),
(2547, 186, 39),
(2544, 186, 43),
(2554, 186, 45),
(2556, 187, 1),
(2565, 187, 3),
(2559, 187, 7),
(2558, 187, 8),
(2562, 187, 12),
(2557, 187, 15),
(2563, 187, 21),
(2555, 187, 22),
(2561, 187, 30),
(2564, 187, 40),
(2560, 187, 41),
(2566, 187, 43),
(2570, 188, 5),
(2580, 188, 8),
(2582, 188, 10),
(2573, 188, 11),
(2577, 188, 17),
(2576, 188, 24),
(2569, 188, 29),
(2571, 188, 31),
(2578, 188, 36),
(2568, 188, 37),
(2579, 188, 38),
(2567, 188, 44),
(2589, 189, 4),
(2591, 189, 5),
(2587, 189, 6),
(2586, 189, 12),
(2584, 189, 22),
(2593, 189, 28),
(2585, 189, 30),
(2596, 189, 31),
(2592, 189, 33),
(2583, 189, 38),
(2595, 189, 39),
(2590, 189, 45),
(2603, 190, 1),
(2605, 190, 9),
(2599, 190, 10),
(2598, 190, 11),
(2601, 190, 12),
(2597, 190, 24),
(2602, 190, 26),
(2610, 190, 35),
(2608, 190, 37),
(2604, 190, 39),
(2600, 190, 42),
(2607, 190, 45),
(2619, 191, 2),
(2611, 191, 5),
(2616, 191, 7),
(2617, 191, 8),
(2620, 191, 13),
(2623, 191, 17),
(2615, 191, 26),
(2622, 191, 33),
(2624, 191, 35),
(2614, 191, 39),
(2618, 191, 40),
(2613, 191, 44),
(2626, 192, 1),
(2630, 192, 6),
(2637, 192, 15),
(2625, 192, 16),
(2628, 192, 17),
(2636, 192, 33),
(2633, 192, 35),
(2632, 192, 37),
(2635, 192, 38),
(2634, 192, 41),
(2627, 192, 44),
(2629, 192, 45),
(2643, 193, 4),
(2640, 193, 8),
(2650, 193, 9),
(2644, 193, 23),
(2642, 193, 28),
(2641, 193, 32),
(2647, 193, 34),
(2645, 193, 37),
(2649, 193, 39),
(2639, 193, 41),
(2648, 193, 42),
(2638, 193, 44),
(2652, 194, 4),
(2658, 194, 10),
(2653, 194, 15),
(2662, 194, 18),
(2660, 194, 21),
(2651, 194, 23),
(2657, 194, 24),
(2654, 194, 26),
(2661, 194, 31),
(2659, 194, 35),
(2656, 194, 39),
(2655, 194, 44),
(2665, 195, 3),
(2673, 195, 4),
(2671, 195, 15),
(2670, 195, 16),
(2672, 195, 18),
(2675, 195, 25),
(2664, 195, 27),
(2669, 195, 28),
(2663, 195, 29),
(2676, 195, 36),
(2666, 195, 37),
(2667, 195, 42),
(2686, 196, 3),
(2678, 196, 6),
(2681, 196, 10),
(2685, 196, 15),
(2688, 196, 24),
(2684, 196, 25),
(2687, 196, 26),
(2682, 196, 31),
(2679, 196, 35),
(2680, 196, 36),
(2677, 196, 40),
(2683, 196, 43),
(2692, 197, 3),
(2694, 197, 11),
(2698, 197, 12),
(2696, 197, 13),
(2691, 197, 15),
(2697, 197, 21),
(2693, 197, 23),
(2690, 197, 25),
(2695, 197, 32),
(2700, 197, 33),
(2699, 197, 34),
(2689, 197, 37),
(2705, 198, 2),
(2703, 198, 9),
(2712, 198, 14),
(2707, 198, 22),
(2711, 198, 23),
(2710, 198, 27),
(2706, 198, 34),
(2702, 198, 38),
(2708, 198, 39),
(2709, 198, 41),
(2704, 198, 42),
(2701, 198, 45),
(2720, 199, 4),
(2716, 199, 8),
(2717, 199, 13),
(2715, 199, 15),
(2724, 199, 29),
(2719, 199, 30),
(2722, 199, 32),
(2718, 199, 34),
(2714, 199, 35),
(2713, 199, 37),
(2721, 199, 41),
(2725, 199, 45),
(2728, 200, 1),
(2727, 200, 6),
(2731, 200, 15),
(2729, 200, 20),
(2726, 200, 22),
(2738, 200, 26),
(2734, 200, 27),
(2732, 200, 31),
(2733, 200, 32),
(2737, 200, 34),
(2736, 200, 35),
(2730, 200, 39),
(2747, 201, 1),
(2740, 201, 2),
(2750, 201, 4),
(2745, 201, 12),
(2751, 201, 20),
(2743, 201, 23),
(2742, 201, 25),
(2746, 201, 35),
(2739, 201, 37),
(2749, 201, 38),
(2744, 201, 40),
(2741, 201, 42),
(2753, 202, 3),
(2755, 202, 11),
(2754, 202, 14),
(2757, 202, 16),
(2763, 202, 19),
(2761, 202, 24),
(2760, 202, 27),
(2759, 202, 28),
(2762, 202, 29),
(2765, 202, 35),
(2752, 202, 38),
(2756, 202, 40),
(2773, 203, 1),
(2768, 203, 2),
(2777, 203, 4),
(2775, 203, 6),
(2771, 203, 11),
(2772, 203, 15),
(2770, 203, 19),
(2778, 203, 20),
(2769, 203, 21),
(2774, 203, 31),
(2766, 203, 37),
(2767, 203, 40),
(2786, 204, 2),
(2780, 204, 6),
(2787, 204, 11),
(2785, 204, 18),
(2783, 204, 22),
(2782, 204, 23),
(2792, 204, 24),
(2779, 204, 28),
(2791, 204, 29),
(2781, 204, 41),
(2788, 204, 43),
(2784, 204, 45),
(2797, 205, 2),
(2801, 205, 3),
(2802, 205, 9),
(2798, 205, 12),
(2799, 205, 23),
(2796, 205, 25),
(2804, 205, 35),
(2803, 205, 36),
(2794, 205, 37),
(2800, 205, 39),
(2793, 205, 40),
(2795, 205, 45),
(2809, 206, 1),
(2814, 206, 2),
(2808, 206, 9),
(2811, 206, 15),
(2806, 206, 25),
(2813, 206, 29),
(2817, 206, 36),
(2816, 206, 37),
(2807, 206, 38),
(2815, 206, 39),
(2805, 206, 42),
(2812, 206, 45),
(2819, 207, 14),
(2830, 207, 16),
(2823, 207, 17),
(2829, 207, 19),
(2824, 207, 24),
(2821, 207, 29),
(2827, 207, 34),
(2826, 207, 35),
(2820, 207, 37),
(2818, 207, 39),
(2822, 207, 43),
(2825, 207, 45),
(2834, 208, 3),
(2836, 208, 8),
(2833, 208, 9),
(2838, 208, 10),
(2842, 208, 13),
(2844, 208, 15),
(2839, 208, 16),
(2840, 208, 26),
(2831, 208, 35),
(2845, 208, 38),
(2835, 208, 39),
(2832, 208, 45),
(2847, 209, 1),
(2855, 209, 3),
(2849, 209, 11),
(2856, 209, 13),
(2851, 209, 15),
(2850, 209, 16),
(2859, 209, 24),
(2852, 209, 27),
(2858, 209, 32),
(2846, 209, 35),
(2848, 209, 36),
(2854, 209, 39),
(2872, 210, 6),
(2877, 210, 9),
(2864, 210, 11),
(2865, 210, 16),
(2861, 210, 26),
(2866, 210, 27),
(2862, 210, 28),
(2860, 210, 31),
(2867, 210, 33),
(2874, 210, 39),
(2863, 210, 41),
(2876, 210, 43),
(2887, 211, 7),
(2879, 211, 8),
(2890, 211, 9),
(2878, 211, 12),
(2888, 211, 15),
(2882, 211, 16),
(2880, 211, 32),
(2881, 211, 34),
(2889, 211, 36),
(2885, 211, 37),
(2886, 211, 39),
(2884, 211, 42),
(2893, 212, 4),
(2892, 212, 6),
(2905, 212, 7),
(2894, 212, 20),
(2891, 212, 21),
(2897, 212, 23),
(2900, 212, 27),
(2904, 212, 28),
(2902, 212, 31),
(2898, 212, 37),
(2899, 212, 41),
(2895, 212, 44),
(2912, 213, 1),
(2909, 213, 2),
(2908, 213, 5),
(2918, 213, 14),
(2910, 213, 18),
(2915, 213, 23),
(2913, 213, 25),
(2916, 213, 26),
(2907, 213, 32),
(2911, 213, 33),
(2906, 213, 37),
(2914, 213, 39),
(2922, 214, 1),
(2930, 214, 2),
(2919, 214, 6),
(2920, 214, 13),
(2927, 214, 15),
(2926, 214, 18),
(2931, 214, 27),
(2923, 214, 28),
(2933, 214, 29),
(2929, 214, 31),
(2925, 214, 35),
(2921, 214, 41),
(2938, 215, 1),
(2940, 215, 4),
(2939, 215, 5),
(2944, 215, 16),
(2937, 215, 23),
(2943, 215, 26),
(2941, 215, 30),
(2936, 215, 35),
(2935, 215, 37),
(2934, 215, 38),
(2947, 215, 39),
(2942, 215, 44),
(2948, 216, 3),
(2957, 216, 4),
(2959, 216, 5),
(2955, 216, 9),
(2958, 216, 13),
(2953, 216, 15),
(2952, 216, 16),
(2951, 216, 18),
(2956, 216, 24),
(2954, 216, 38),
(2949, 216, 40),
(2960, 216, 45),
(2970, 217, 4),
(2965, 217, 5),
(2962, 217, 7),
(2963, 217, 14),
(2967, 217, 15),
(2966, 217, 18),
(2961, 217, 26),
(2971, 217, 29),
(2972, 217, 30),
(2969, 217, 38),
(2964, 217, 42),
(2968, 217, 45),
(2986, 218, 3),
(2979, 218, 4),
(2987, 218, 9),
(2977, 218, 14),
(2982, 218, 21),
(2980, 218, 23),
(2975, 218, 34),
(2976, 218, 35),
(2978, 218, 36),
(2973, 218, 38),
(2974, 218, 40),
(2981, 218, 44),
(2989, 219, 10),
(2999, 219, 14),
(2990, 219, 15),
(2995, 219, 16),
(2992, 219, 17),
(2997, 219, 25),
(2998, 219, 26),
(2988, 219, 28),
(2994, 219, 30),
(2996, 219, 33),
(2991, 219, 34),
(2993, 219, 42),
(3001, 220, 2),
(3004, 220, 4),
(3012, 220, 11),
(3000, 220, 13),
(3002, 220, 16),
(3005, 220, 18),
(3007, 220, 19),
(3006, 220, 25),
(3010, 220, 26),
(3009, 220, 34),
(3008, 220, 35),
(3003, 220, 45),
(3018, 221, 2),
(3015, 221, 4),
(3017, 221, 12),
(3025, 221, 15),
(3021, 221, 25),
(3022, 221, 26),
(3013, 221, 27),
(3014, 221, 28),
(3019, 221, 30),
(3023, 221, 32),
(3020, 221, 36),
(3024, 221, 40),
(3027, 222, 5),
(3036, 222, 7),
(3032, 222, 9),
(3034, 222, 15),
(3026, 222, 20),
(3038, 222, 22),
(3029, 222, 23),
(3028, 222, 24),
(3033, 222, 25),
(3031, 222, 31),
(3037, 222, 34),
(3030, 222, 36),
(3049, 223, 1),
(3047, 223, 7),
(3045, 223, 10),
(3044, 223, 14),
(3046, 223, 15),
(3040, 223, 17),
(3039, 223, 18),
(3041, 223, 20),
(3043, 223, 35),
(3051, 223, 38),
(3048, 223, 39),
(3042, 223, 40),
(3057, 224, 1),
(3054, 224, 4),
(3052, 224, 7),
(3060, 224, 10),
(3053, 224, 11),
(3056, 224, 12),
(3064, 224, 15),
(3062, 224, 22),
(3063, 224, 23),
(3058, 224, 30),
(3055, 224, 35),
(3059, 224, 45),
(3072, 225, 2),
(3065, 225, 7),
(3069, 225, 9),
(3066, 225, 12),
(3077, 225, 15),
(3074, 225, 18),
(3076, 225, 20),
(3080, 225, 28),
(3067, 225, 36),
(3078, 225, 37),
(3068, 225, 41),
(3079, 225, 44),
(3093, 226, 4),
(3083, 226, 6),
(3082, 226, 7),
(3086, 226, 11),
(3087, 226, 16),
(3085, 226, 19),
(3081, 226, 23),
(3084, 226, 26),
(3089, 226, 27),
(3092, 226, 31),
(3088, 226, 36),
(3095, 226, 41),
(3096, 227, 6),
(3098, 227, 10),
(3100, 227, 14),
(3103, 227, 16),
(3107, 227, 17),
(3104, 227, 18),
(3106, 227, 20),
(3105, 227, 22),
(3108, 227, 30),
(3101, 227, 32),
(3099, 227, 33),
(3097, 227, 45),
(3112, 228, 1),
(3122, 228, 12),
(3111, 228, 13),
(3120, 228, 16),
(3119, 228, 24),
(3116, 228, 29),
(3113, 228, 30),
(3114, 228, 33),
(3110, 228, 36),
(3109, 228, 37),
(3118, 228, 38),
(3121, 228, 43),
(3133, 229, 2),
(3128, 229, 3),
(3129, 229, 10),
(3123, 229, 12),
(3125, 229, 13),
(3124, 229, 17),
(3127, 229, 20),
(3134, 229, 21),
(3132, 229, 26),
(3130, 229, 30),
(3126, 229, 37),
(3131, 229, 45),
(3139, 230, 2),
(3146, 230, 8),
(3143, 230, 10),
(3137, 230, 14),
(3144, 230, 18),
(3142, 230, 20),
(3147, 230, 23),
(3145, 230, 29),
(3138, 230, 34),
(3135, 230, 37),
(3140, 230, 40),
(3136, 230, 45),
(3148, 231, 9),
(3163, 231, 10),
(3161, 231, 15),
(3155, 231, 17),
(3157, 231, 22),
(3149, 231, 28),
(3153, 231, 29),
(3151, 231, 31),
(3159, 231, 34),
(3160, 231, 39),
(3152, 231, 40),
(3150, 231, 45),
(3166, 232, 1),
(3175, 232, 2),
(3178, 232, 4),
(3176, 232, 9),
(3172, 232, 11),
(3168, 232, 18),
(3171, 232, 24),
(3164, 232, 25),
(3177, 232, 27),
(3170, 232, 34),
(3165, 232, 38),
(3167, 232, 45),
(3190, 233, 1),
(3182, 233, 5),
(3189, 233, 7),
(3181, 233, 8),
(3183, 233, 12),
(3188, 233, 17),
(3193, 233, 18),
(3185, 233, 20),
(3192, 233, 25),
(3184, 233, 28),
(3179, 233, 31),
(3180, 233, 34),
(3197, 234, 2),
(3201, 234, 6),
(3194, 234, 12),
(3202, 234, 16),
(3195, 234, 17),
(3196, 234, 19),
(3199, 234, 23),
(3200, 234, 27),
(3205, 234, 28),
(3206, 234, 36),
(3203, 234, 40),
(3198, 234, 44),
(3211, 235, 3),
(3207, 235, 8),
(3216, 235, 12),
(3215, 235, 15),
(3210, 235, 22),
(3209, 235, 27),
(3212, 235, 31),
(3217, 235, 32),
(3220, 235, 33),
(3218, 235, 38),
(3213, 235, 39),
(3208, 235, 40),
(3230, 236, 2),
(3229, 236, 4),
(3224, 236, 6),
(3227, 236, 7),
(3231, 236, 11),
(3226, 236, 12),
(3222, 236, 17),
(3221, 236, 27),
(3233, 236, 30),
(3225, 236, 41),
(3223, 236, 42),
(3232, 236, 43),
(3242, 237, 1),
(3241, 237, 7),
(3236, 237, 9),
(3234, 237, 14),
(3243, 237, 18),
(3240, 237, 19),
(3239, 237, 22),
(3235, 237, 23),
(3244, 237, 26),
(3237, 237, 27),
(3247, 237, 29),
(3238, 237, 45),
(3252, 238, 3),
(3259, 238, 7),
(3249, 238, 10),
(3257, 238, 17),
(3253, 238, 20),
(3255, 238, 22),
(3256, 238, 23),
(3254, 238, 25),
(3250, 238, 29),
(3258, 238, 30),
(3251, 238, 31),
(3248, 238, 43),
(3261, 239, 1),
(3260, 239, 2),
(3267, 239, 4),
(3268, 239, 12),
(3270, 239, 22),
(3266, 239, 23),
(3269, 239, 25),
(3262, 239, 27),
(3265, 239, 28),
(3263, 239, 30),
(3264, 239, 37),
(3271, 239, 41),
(3284, 240, 5),
(3276, 240, 7),
(3279, 240, 8),
(3277, 240, 19),
(3272, 240, 21),
(3280, 240, 22),
(3274, 240, 23),
(3283, 240, 25),
(3275, 240, 40),
(3278, 240, 41),
(3282, 240, 42),
(3273, 240, 45),
(3294, 241, 1),
(3289, 241, 9),
(3293, 241, 11),
(3292, 241, 12),
(3288, 241, 14),
(3295, 241, 15),
(3287, 241, 16),
(3291, 241, 21),
(3285, 241, 32),
(3286, 241, 38),
(3290, 241, 40),
(3296, 241, 42),
(3308, 242, 3),
(3299, 242, 11),
(3298, 242, 13),
(3303, 242, 16),
(3302, 242, 17),
(3309, 242, 18),
(3304, 242, 20),
(3306, 242, 29),
(3305, 242, 34),
(3297, 242, 36),
(3307, 242, 39),
(3301, 242, 40),
(3312, 243, 12),
(3310, 243, 13),
(3314, 243, 14),
(3321, 243, 17),
(3311, 243, 21),
(3319, 243, 25),
(3320, 243, 26),
(3313, 243, 30),
(3316, 243, 31),
(3317, 243, 32),
(3318, 243, 38),
(3315, 243, 40),
(3330, 244, 1),
(3324, 244, 3),
(3323, 244, 4),
(3333, 244, 10),
(3327, 244, 15),
(3328, 244, 16),
(3332, 244, 26),
(3326, 244, 29),
(3337, 244, 30),
(3334, 244, 37),
(3322, 244, 40),
(3325, 244, 45),
(3348, 245, 3),
(3344, 245, 4),
(3345, 245, 5),
(3349, 245, 6),
(3343, 245, 11),
(3341, 245, 15),
(3350, 245, 18),
(3340, 245, 23),
(3342, 245, 28),
(3346, 245, 36),
(3338, 245, 37),
(3339, 245, 42),
(3351, 246, 2),
(3360, 246, 4),
(3358, 246, 13),
(3354, 246, 15),
(3352, 246, 20),
(3363, 246, 23),
(3364, 246, 29),
(3362, 246, 30),
(3355, 246, 34),
(3356, 246, 35),
(3359, 246, 36),
(3353, 246, 40),
(3369, 247, 1),
(3377, 247, 6),
(3371, 247, 12),
(3376, 247, 13),
(3370, 247, 15),
(3365, 247, 18),
(3372, 247, 20),
(3375, 247, 22),
(3373, 247, 27),
(3366, 247, 40),
(3367, 247, 44),
(3368, 247, 45),
(3381, 248, 2),
(3390, 248, 8),
(3384, 248, 12),
(3379, 248, 15),
(3386, 248, 17),
(3380, 248, 22),
(3385, 248, 33),
(3391, 248, 37),
(3388, 248, 38),
(3382, 248, 40),
(3383, 248, 42),
(3378, 248, 43),
(3392, 249, 1),
(3400, 249, 3),
(3402, 249, 6),
(3395, 249, 11),
(3398, 249, 15),
(3399, 249, 19),
(3393, 249, 20),
(3403, 249, 24),
(3397, 249, 32),
(3407, 249, 34),
(3406, 249, 36),
(3396, 249, 45),
(3417, 250, 1),
(3412, 250, 3),
(3413, 250, 6),
(3409, 250, 11),
(3414, 250, 16),
(3408, 250, 21),
(3415, 250, 24),
(3418, 250, 25),
(3419, 250, 26),
(3420, 250, 27),
(3416, 250, 30),
(3411, 250, 37);

-- --------------------------------------------------------

--
-- Estructura de tabla para la tabla `citas_tendencia`
--

CREATE TABLE `Citas_Tendencia` (
  `Id` int(11) NOT NULL,
  `Nombre` char(30) NOT NULL
) ENGINE=InnoDB DEFAULT CHARSET=utf8mb4;

--
-- Volcado de datos para la tabla `citas_tendencia`
--

INSERT INTO `Citas_Tendencia` (`Id`, `Nombre`) VALUES
(1, 'Hetero'),
(2, 'Bi'),
(3, 'LGBTIQ');

-- --------------------------------------------------------

--
-- Estructura de tabla para la tabla `citas_usuarios`
--

CREATE TABLE `Citas_Usuarios` (
  `Id` int(11) NOT NULL,
  `Nombre` char(30) DEFAULT NULL,
  `Apellidos` char(30) DEFAULT NULL,
  `Nacimiento` date DEFAULT NULL,
  `Email` char(50) DEFAULT NULL,
  `Genero` char(1) DEFAULT NULL,
  `Id_Tendencia` int(11) DEFAULT NULL
) ENGINE=InnoDB DEFAULT CHARSET=utf8mb4;

--
-- Volcado de datos para la tabla `citas_usuarios`
--

INSERT INTO `Citas_Usuarios` (`Id`, `Nombre`, `Apellidos`, `Nacimiento`, `Email`, `Genero`, `Id_Tendencia`) VALUES
(1, 'Kato', 'Guerrero Sherman', '1992-01-21', 'scelerisque.dui@icloud.org', 'M', 2),
(2, 'Ursa', 'Spencer Cherry', '1979-09-27', 'vitae.orci@aol.net', 'F', 3),
(3, 'May', 'Hernandez Scott', '1975-10-31', 'ultrices.posuere@aol.com', 'F', 1),
(4, 'Uriel', 'Rivers Santana', '2006-09-07', 'aliquam.vulputate@protonmail.couk', 'M', 2),
(5, 'Dominique', 'Goodman Welch', '1967-07-05', 'dapibus.rutrum@google.ca', 'M', 2),
(6, 'Julie', 'Graves Lynch', '1959-09-29', 'nec.luctus.felis@aol.edu', 'M', 1),
(7, 'Amos', 'Nunez Molina', '1969-10-09', 'morbi.sit@aol.com', 'F', 2),
(8, 'Maia', 'Horn Joyner', '1960-01-11', 'dis.parturient@aol.edu', 'F', 2),
(9, 'Ulla', 'Paul Poole', '1978-09-06', 'lorem.vitae.odio@protonmail.ca', 'M', 2),
(10, 'Rigel', 'Weeks Hall', '1970-01-26', 'ut.sem.nulla@protonmail.ca', 'F', 2),
(11, 'Fallon', 'Wilkerson Moses', '1988-04-19', 'lectus.cum@hotmail.couk', 'F', 1),
(12, 'Orlando', 'Miles Banks', '1997-04-23', 'eu.lacus@protonmail.com', 'F', 2),
(13, 'Vera', 'Gates Cooper', '1992-04-27', 'convallis@hotmail.edu', 'M', 1),
(14, 'Halee', 'Campos Graham', '1988-09-12', 'nulla.magna@icloud.edu', 'M', 1),
(15, 'Zelenia', 'Mcpherson Harrison', '2005-04-29', 'vitae.semper.egestas@hotmail.org', 'F', 3),
(16, 'Pamela', 'Oneal Vega', '1994-06-29', 'ipsum.curabitur@yahoo.ca', 'M', 3),
(17, 'Brenda', 'Bolton Merrill', '1988-11-05', 'integer.tincidunt@yahoo.edu', 'F', 1),
(18, 'Jack', 'Guerrero Nguyen', '1970-06-13', 'non.magna@aol.ca', 'F', 2),
(19, 'Hedy', 'Rodgers Marquez', '1973-07-04', 'cum.sociis.natoque@hotmail.org', 'F', 2),
(20, 'Lee', 'Petty Richardson', '1984-08-25', 'eu.euismod.ac@hotmail.net', 'F', 2),
(21, 'Imogene', 'Ayala Campos', '1993-07-20', 'odio.vel@protonmail.com', 'F', 2),
(22, 'Odysseus', 'Rosario Clayton', '1989-09-07', 'orci.luctus@outlook.edu', 'M', 2),
(23, 'Channing', 'Morrison Berg', '1981-01-28', 'aenean@outlook.couk', 'M', 3),
(24, 'Ulla', 'Ortiz Chase', '1991-11-17', 'tortor.nunc@hotmail.net', 'M', 1),
(25, 'Sylvester', 'Roman Morris', '2004-08-19', 'integer.eu@hotmail.net', 'M', 1),
(26, 'Rhoda', 'Forbes Richardson', '1964-04-11', 'odio@icloud.ca', 'M', 1),
(27, 'Gary', 'Matthews Branch', '1969-07-03', 'curabitur.egestas@protonmail.org', 'M', 2),
(28, 'Ahmed', 'Knox Gibbs', '1989-09-14', 'eget.laoreet@protonmail.net', 'M', 1),
(29, 'Tad', 'Miller Higgins', '1973-11-26', 'quis.diam@hotmail.org', 'F', 3),
(30, 'Michelle', 'King Nichols', '1966-10-23', 'in.hendrerit.consectetuer@hotmail.ca', 'M', 3),
(31, 'Macey', 'Bowman Goff', '1975-05-03', 'pede.sagittis.augue@yahoo.couk', 'M', 1),
(32, 'Gil', 'Austin Acosta', '1996-02-02', 'sed.congue@icloud.org', 'F', 2),
(33, 'Lance', 'Fuentes Cohen', '1994-10-24', 'massa@icloud.couk', 'M', 3),
(34, 'Francis', 'Key Nunez', '2006-10-24', 'eu@google.couk', 'M', 1),
(35, 'Athena', 'Malone Herring', '2004-10-01', 'aliquam.nec@hotmail.org', 'M', 3),
(36, 'Nola', 'Burke Burks', '1998-01-15', 'nullam.enim@outlook.com', 'M', 3),
(37, 'Felix', 'Burton Patterson', '1960-11-27', 'aliquet.lobortis@google.org', 'F', 1),
(38, 'Channing', 'Lopez Moss', '1964-08-16', 'proin.sed@hotmail.com', 'M', 3),
(39, 'Reuben', 'Hubbard Barrett', '1989-10-16', 'pellentesque.eget.dictum@aol.edu', 'M', 3),
(40, 'Rashad', 'Snow Sandoval', '2002-04-23', 'orci@outlook.net', 'M', 1),
(41, 'Portia', 'Wyatt Clemons', '1998-07-02', 'vitae.risus@icloud.com', 'F', 3),
(42, 'Vincent', 'Horton Kirby', '1995-04-15', 'malesuada.ut@outlook.couk', 'M', 1),
(43, 'Basil', 'House Bates', '2005-01-21', 'sem@hotmail.com', 'F', 1),
(44, 'Octavius', 'Dunlap Molina', '2004-05-16', 'libero.est@aol.com', 'M', 1),
(45, 'Nicole', 'Odonnell Combs', '1975-12-02', 'nunc@yahoo.couk', 'M', 3),
(46, 'Shana', 'Holder Cain', '2005-06-11', 'sit.amet.diam@google.ca', 'M', 1),
(47, 'Cara', 'Dorsey Wolf', '1999-01-01', 'maecenas.mi.felis@aol.edu', 'F', 1),
(48, 'Flavia', 'Velasquez Logan', '1970-02-23', 'dui.cras@outlook.couk', 'M', 1),
(49, 'Alexis', 'Hopper Huber', '1982-01-17', 'ut.semper@aol.org', 'F', 1),
(50, 'Lacy', 'Wooten Rojas', '1998-07-12', 'turpis.aliquam@icloud.ca', '1', 2),
(51, 'Thor', 'Page Olson', '1960-08-06', 'phasellus@icloud.edu', 'F', 3),
(52, 'Hakeem', 'Coffey James', '1965-06-01', 'egestas.aliquam@aol.net', 'M', 1),
(53, 'Deborah', 'Valdez Ramirez', '2007-02-22', 'amet.faucibus@protonmail.net', 'F', 1),
(54, 'Kadeem', 'Wall Petty', '1999-01-26', 'fringilla.est@protonmail.net', 'F', 2),
(55, 'Alfreda', 'Hutchinson Sykes', '2000-05-10', 'sapien.molestie.orci@protonmail.org', 'M', 1),
(56, 'Charity', 'Russell Contreras', '1971-01-18', 'molestie@icloud.net', 'M', 2),
(57, 'Yuli', 'Drake Matthews', '1970-11-01', 'tortor@hotmail.net', 'M', 1),
(58, 'Nissim', 'Dalton Hammond', '1990-04-13', 'non@yahoo.org', 'F', 1),
(59, 'Holly', 'Vaughan Scott', '2001-04-03', 'duis.a@yahoo.edu', 'F', 1),
(60, 'Xantha', 'Dawson Bradford', '1968-10-04', 'massa@icloud.com', 'F', 2),
(61, 'Fitzgerald', 'Navarro Leach', '2002-09-27', 'dui@aol.org', 'F', 1),
(62, 'Madonna', 'Landry Huffman', '1968-06-07', 'nonummy@hotmail.org', 'M', 3),
(63, 'Chloe', 'Orr Ashley', '1960-12-23', 'suspendisse.eleifend@icloud.couk', 'M', 2),
(64, 'Sasha', 'Miranda Estes', '1996-01-21', 'feugiat.placerat@aol.ca', 'F', 1),
(65, 'Walter', 'Greer Lindsey', '1982-11-05', 'sed.dictum.eleifend@google.org', 'M', 3),
(66, 'Ivory', 'Daniel Dean', '1994-03-22', 'convallis.ligula@aol.org', 'F', 3),
(67, 'Brittany', 'Rocha Hensley', '1962-09-10', 'sed@aol.net', 'M', 1),
(68, 'Halee', 'Rocha Robertson', '1976-02-17', 'netus@icloud.org', 'F', 1),
(69, 'Ivor', 'Bauer Bowers', '1972-12-30', 'egestas.ligula@google.ca', 'M', 1),
(70, 'Nissim', 'Garrett Ellison', '1974-09-05', 'ut.dolor.dapibus@google.edu', 'M', 1),
(71, 'Brooke', 'Bolton Kemp', '1980-03-21', 'mauris.eu@yahoo.com', 'M', 2),
(72, 'Elijah', 'Allen Lynch', '1964-09-27', 'fames.ac@aol.net', 'F', 2),
(73, 'Shannon', 'Tillman Crosby', '1977-06-30', 'phasellus@outlook.edu', 'M', 1),
(74, 'Brennan', 'Goff Vincent', '1981-10-25', 'in.felis.nulla@protonmail.ca', 'F', 3),
(75, 'Christopher', 'Buck Warner', '1966-06-05', 'mauris@hotmail.net', 'M', 1),
(76, 'Gannon', 'Gibson Yates', '1964-10-20', 'morbi.accumsan.laoreet@google.net', 'M', 1),
(77, 'Basil', 'Stuart Kennedy', '1977-05-31', 'nisi.nibh.lacinia@outlook.com', 'F', 3),
(78, 'Warren', 'Morris Andrews', '1968-06-20', 'sollicitudin.commodo@protonmail.net', 'M', 2),
(79, 'Raven', 'Hartman Greer', '1999-07-17', 'leo.morbi@aol.couk', 'F', 2),
(80, 'Amy', 'Carter Gregory', '1962-04-28', 'tellus.suspendisse.sed@yahoo.org', 'M', 1),
(81, 'Caesar', 'Sandoval Montgomery', '1961-02-22', 'in.nec.orci@yahoo.net', 'M', 2),
(82, 'Larissa', 'Guzman Russo', '1983-09-17', 'vel@protonmail.com', 'M', 2),
(83, 'Mari', 'Mcmahon Alston', '2005-09-14', 'odio@protonmail.ca', 'F', 1),
(84, 'Marny', 'Tucker Ingram', '1996-12-28', 'vel.convallis@hotmail.org', 'M', 1),
(85, 'Jelani', 'Gomez Ramirez', '1963-01-13', 'vel.arcu@google.net', 'F', 1),
(86, 'Dahlia', 'Todd Solis', '1983-08-23', 'eu.tellus@outlook.couk', 'F', 1),
(87, 'Keith', 'Lynch Bond', '1980-03-31', 'purus@hotmail.couk', 'M', 1),
(88, 'Cynthia', 'Livingston Watkins', '1994-12-22', 'et.magna@aol.ca', 'F', 3),
(89, 'Chantale', 'Aguirre Jackson', '1993-09-23', 'posuere@yahoo.net', 'F', 1),
(90, 'Elmo', 'Mcclure Mcguire', '1995-09-07', 'neque@icloud.couk', 'F', 3),
(91, 'Marah', 'Landry Scott', '1967-09-10', 'at.sem@hotmail.com', 'F', 1),
(92, 'Galvin', 'Mckay Burns', '1962-05-15', 'commodo.at@aol.couk', 'M', 2),
(93, 'Robin', 'Crane Drake', '2002-05-01', 'vestibulum@outlook.com', 'M', 2),
(94, 'Jillian', 'Oneil Rosa', '1987-10-19', 'sit.amet@yahoo.edu', 'F', 1),
(95, 'Chelsea', 'Nielsen Stokes', '1989-05-26', 'facilisis.suspendisse.commodo@yahoo.ca', 'F', 1),
(96, 'Lewis', 'Barton Vazquez', '1963-02-12', 'eu.enim.etiam@outlook.org', 'F', 1),
(97, 'Ralph', 'House Gallegos', '1968-12-28', 'maecenas.libero@icloud.ca', 'M', 1),
(98, 'Sade', 'Vinson Larson', '1964-09-07', 'adipiscing.lacus.ut@hotmail.com', 'F', 3),
(99, 'Philip', 'Baldwin Murphy', '1988-08-11', 'nibh.enim@google.ca', 'F', 1),
(100, 'Mohammad', 'Roberts Alvarez', '1966-07-21', 'iaculis.nec@yahoo.ca', 'F', 1),
(101, 'Emi', 'Langley Rogers', '1988-01-27', 'et@icloud.couk', 'F', 1),
(102, 'Baker', 'Hodges Higgins', '1965-10-21', 'luctus.sit@yahoo.org', 'M', 1),
(103, 'Clark', 'Walls Haney', '1983-04-10', 'justo.praesent@yahoo.net', 'M', 1),
(104, 'Harrison', 'ONeill Francis', '1977-05-02', 'suspendisse.sagittis@outlook.net', 'F', 1),
(105, 'Emi', 'Hendrix Pittman', '1992-03-29', 'vivamus.nisi@aol.edu', 'M', 1),
(106, 'Nora', 'Booker Rios', '1985-09-14', 'eleifend.egestas.sed@protonmail.org', 'F', 3),
(107, 'Constance', 'Merrill Willis', '1966-05-02', 'commodo.tincidunt.nibh@outlook.ca', 'F', 1),
(108, 'Audra', 'Byers Hamilton', '1992-10-16', 'sodales.at@outlook.com', 'M', 3),
(109, 'Quintessa', 'Powell Potts', '1985-03-24', 'etiam.bibendum@yahoo.edu', 'M', 1),
(110, 'Honorato', 'Suarez David', '1985-07-02', 'ut.odio.vel@google.net', 'M', 1),
(111, 'Desirae', 'House Bernard', '1963-06-28', 'a.nunc@google.couk', 'F', 3),
(112, 'Willa', 'Serrano Moses', '1977-06-09', 'in.ornare@yahoo.net', 'F', 2),
(113, 'Jade', 'Waters Holder', '1988-12-16', 'dolor.elit@google.edu', 'M', 1),
(114, 'Bernard', 'Sutton Stokes', '1963-01-17', 'commodo.tincidunt@icloud.org', 'M', 1),
(115, 'Jakeem', 'Caldwell Boyer', '2008-01-07', 'vel@hotmail.ca', 'M', 2),
(116, 'Lance', 'Galloway Burch', '1984-04-15', 'magna.a.tortor@icloud.net', 'F', 1),
(117, 'Emerald', 'Tucker Acevedo', '1989-07-31', 'at.velit.cras@aol.org', 'M', 3),
(118, 'Kevyn', 'Ross Holman', '1963-12-20', 'libero@google.net', 'M', 1),
(119, 'Francis', 'Lowery Jarvis', '1985-03-02', 'convallis.dolor@yahoo.org', 'M', 1),
(120, 'Reuben', 'Oneil Cole', '1983-05-02', 'augue@protonmail.edu', 'F', 1),
(121, 'Lester', 'Glass Maxwell', '2004-04-30', 'elementum.lorem@yahoo.org', 'M', 3),
(122, 'Akeem', 'Blanchard Kent', '1966-04-14', 'dictum.ultricies.ligula@protonmail.com', 'F', 3),
(123, 'Deborah', 'Franks Rios', '1978-09-27', 'arcu@yahoo.net', 'F', 1),
(124, 'Vaughan', 'Joyner Waller', '2001-07-26', 'ac@aol.ca', 'M', 3),
(125, 'Cecilia', 'Grimes Bauer', '1979-05-06', 'a.scelerisque.sed@aol.com', 'M', 3),
(126, 'Allen', 'Velasquez Collier', '1992-06-06', 'lorem.eu@icloud.couk', 'F', 2),
(127, 'Stacey', 'Craft Horton', '1972-08-24', 'penatibus.et@aol.net', 'F', 1),
(128, 'Boris', 'Beck Barron', '1992-03-04', 'et.rutrum@hotmail.ca', 'M', 2),
(129, 'Bernard', 'Pickett Weaver', '1959-10-30', 'quis.diam@aol.org', 'M', 1),
(130, 'Adam', 'Riggs Reynolds', '1985-06-06', 'adipiscing.ligula.aenean@outlook.org', 'M', 2),
(131, 'Aileen', 'Hendricks Avery', '1998-01-01', 'dolor@google.edu', 'M', 1),
(132, 'Xavier', 'Figueroa Hensley', '1991-04-29', 'in.felis@aol.couk', 'M', 1),
(133, 'Aidan', 'Pratt Snow', '1984-11-06', 'nibh.phasellus@google.net', 'F', 1),
(134, 'Madaline', 'Richmond Acosta', '1990-01-30', 'nec.ante@hotmail.edu', 'M', 1),
(135, 'Graiden', 'Lowe Shannon', '1972-07-17', 'etiam.gravida.molestie@hotmail.net', 'F', 2),
(136, 'Vivien', 'Juarez Burnett', '1974-03-30', 'molestie.orci.tincidunt@hotmail.net', 'F', 2),
(137, 'Kuame', 'Mccoy Roberts', '1979-12-03', 'phasellus@google.couk', 'M', 1),
(138, 'Ivan', 'Marquez Dominguez', '1963-05-07', 'ipsum.phasellus.vitae@protonmail.net', 'M', 2),
(139, 'Barry', 'David Romero', '1971-05-15', 'elit.pharetra.ut@icloud.ca', 'M', 3),
(140, 'Gage', 'Knight Gardner', '1974-12-05', 'amet.luctus.vulputate@aol.couk', 'F', 2),
(141, 'Graiden', 'Young Zamora', '1962-10-25', 'mauris.erat@hotmail.com', 'M', 2),
(142, 'Pamela', 'Washington Whitehead', '1965-07-10', 'quam.vel.sapien@hotmail.com', 'F', 1),
(143, 'Buffy', 'Patrick Barrett', '2004-08-19', 'semper.egestas@icloud.edu', 'F', 3),
(144, 'Adele', 'Schmidt Reynolds', '2005-05-23', 'montes@protonmail.com', 'F', 1),
(145, 'Demetrius', 'Hamilton Durham', '1995-12-17', 'mauris@google.couk', 'F', 2),
(146, 'Jakeem', 'Pacheco Meyers', '1968-01-01', 'mauris.ut.mi@outlook.edu', 'F', 2),
(147, 'Yoshi', 'Sweeney Chavez', '1968-07-01', 'proin@protonmail.net', 'F', 1),
(148, 'Zeus', 'Reese Johnson', '1970-01-04', 'sit.amet@icloud.com', 'F', 2),
(149, 'Aurora', 'Oneil Delgado', '1983-03-15', 'dictum.ultricies@yahoo.org', 'M', 3),
(150, 'Willa', 'Randall Griffith', '1995-10-13', 'etiam@google.couk', 'M', 1),
(151, 'Elliott', 'Petty Hull', '1963-09-12', 'nec@aol.couk', 'F', 1),
(152, 'Graiden', 'Diaz Craft', '2007-04-10', 'molestie.tellus.aenean@google.couk', 'F', 3),
(153, 'Marsden', 'Webster Fitzpatrick', '1983-08-29', 'velit@outlook.org', 'F', 2),
(154, 'Jenette', 'Waller Tucker', '1979-05-04', 'feugiat.nec@outlook.org', 'F', 2),
(155, 'May', 'Watkins Duffy', '1995-09-17', 'maecenas.mi@yahoo.net', 'M', 3),
(156, 'Lara', 'Graham Bell', '1985-05-15', 'ac.facilisis.facilisis@icloud.org', 'M', 1),
(157, 'Kaseem', 'Huber Rasmussen', '1975-04-14', 'orci.sem.eget@outlook.net', 'F', 2),
(158, 'Palmer', 'Dalton Jennings', '1987-06-17', 'tortor.at.risus@outlook.couk', 'M', 1),
(159, 'Mannix', 'Strickland Golden', '1970-03-22', 'dignissim.maecenas@aol.org', 'M', 2),
(160, 'Drake', 'Delacruz Whitney', '1977-02-04', 'proin@aol.org', 'F', 1),
(161, 'Reece', 'Mcleod Santos', '1985-09-17', 'magna.cras@hotmail.org', 'F', 2),
(162, 'Patrick', 'Barrera Woodward', '1960-06-07', 'quam.elementum@yahoo.net', 'F', 1),
(163, 'Plato', 'Keith Sharp', '1994-05-11', 'eu@protonmail.org', 'F', 1),
(164, 'Nomlanga', 'Duffy Valencia', '1974-01-07', 'eros.proin@hotmail.edu', 'F', 1),
(165, 'Gavin', 'Owen Porter', '1965-10-22', 'consequat@yahoo.ca', 'F', 1),
(166, 'Fleur', 'Edwards Chase', '1992-04-26', 'hymenaeos.mauris@aol.com', 'F', 2),
(167, 'Dalton', 'Christian Stewart', '1983-10-25', 'sodales.purus@yahoo.com', 'F', 1),
(168, 'Carissa', 'Ward Keller', '1994-07-16', 'etiam@outlook.org', 'F', 3),
(169, 'Isaiah', 'Haynes Powell', '1973-07-03', 'et.rutrum@hotmail.org', 'F', 2),
(170, 'Hyatt', 'Mcfadden Moon', '1991-03-27', 'nibh@yahoo.com', 'M', 2),
(171, 'Ruby', 'Pope Edwards', '1974-10-13', 'orci.lacus.vestibulum@hotmail.edu', 'M', 2),
(172, 'Tad', 'Johns Thompson', '1970-03-27', 'duis@icloud.com', 'F', 2),
(173, 'Denton', 'Moss Nixon', '1974-07-25', 'augue@hotmail.net', 'M', 2),
(174, 'Kirby', 'Mendoza Dillon', '1981-03-31', 'sem@icloud.ca', 'M', 1),
(175, 'Lawrence', 'Mcgee Christensen', '1997-11-01', 'nam.ligula.elit@yahoo.ca', 'M', 3),
(176, 'Kermit', 'Farmer Ochoa', '1986-02-18', 'arcu.vel@protonmail.net', 'F', 3),
(177, 'Gavin', 'Martin Nunez', '1975-09-07', 'consectetuer.euismod@aol.ca', 'M', 1),
(178, 'Zena', 'Nelson Chapman', '1976-08-04', 'praesent.interdum.ligula@google.com', 'M', 2),
(179, 'Abel', 'Mcconnell Carney', '1996-04-13', 'consectetuer.euismod@protonmail.org', 'M', 3),
(180, 'Kennan', 'Richardson Horne', '1966-12-01', 'curae.donec@hotmail.net', 'F', 2),
(181, 'Gretchen', 'Anthony Boone', '1964-08-21', 'at.nisi@outlook.ca', 'M', 2),
(182, 'Hedwig', 'Glass Christian', '1974-07-22', 'mollis.dui@outlook.couk', 'F', 1),
(183, 'Acton', 'Hodge Witt', '2000-10-17', 'sociosqu.ad.litora@hotmail.couk', 'M', 3),
(184, 'Quamar', 'Fitzpatrick Price', '1986-10-02', 'volutpat@outlook.org', 'M', 2),
(185, 'Rose', 'Sweeney Harvey', '1986-07-16', 'libero@google.ca', 'M', 3),
(186, 'Amery', 'Caldwell Tanner', '2002-10-11', 'nibh@aol.ca', 'M', 3),
(187, 'Maile', 'Mccarthy Berger', '2007-09-13', 'nisi.nibh@yahoo.org', 'F', 1),
(188, 'Venus', 'Kaufman Ashley', '1958-07-01', 'non.nisi@outlook.com', 'M', 1),
(189, 'Jorden', 'Davenport Nielsen', '1965-03-31', 'fusce@icloud.edu', 'F', 2),
(190, 'Piper', 'Drake Lee', '1971-07-05', 'et.pede@hotmail.com', 'F', 2),
(191, 'Tyler', 'Gross May', '1970-12-01', 'neque@protonmail.ca', 'F', 3),
(192, 'Todd', 'Santana Justice', '1972-08-10', 'primis.in.faucibus@outlook.edu', 'M', 2),
(193, 'Ethan', 'Holmes Maxwell', '1991-05-16', 'vehicula.aliquet@hotmail.net', 'M', 3),
(194, 'Blake', 'Ashley Miranda', '1985-03-24', 'duis@outlook.ca', 'M', 2),
(195, 'Stone', 'Hudson Tyler', '1958-07-28', 'mauris@google.ca', 'M', 2),
(196, 'Quinlan', 'Perez Harrington', '1996-11-23', 'congue.in@icloud.org', 'M', 2),
(197, 'Candice', 'Whitney Salinas', '2006-01-23', 'imperdiet.non@icloud.couk', 'M', 2),
(198, 'Garth', 'Hopkins Richardson', '1959-07-26', 'at@protonmail.edu', 'M', 2),
(199, 'Christen', 'Serrano Burris', '1965-02-05', 'amet@protonmail.com', 'F', 1),
(200, 'Martha', 'Leblanc Marshall', '2004-12-05', 'elit.etiam@hotmail.com', 'F', 2),
(201, 'Jane', 'Goff Phillips', '1981-06-24', 'nec.tellus.nunc@outlook.net', 'M', 1),
(202, 'Serina', 'Clarke Farley', '1971-08-15', 'nisi.mauris@google.ca', 'F', 2),
(203, 'Haviva', 'Levy Fry', '2002-12-21', 'blandit.viverra@hotmail.ca', 'F', 1),
(204, 'Tyler', 'Morales Jefferson', '2000-02-10', 'mauris@outlook.ca', 'M', 3),
(205, 'Aladdin', 'Fitzgerald Hamilton', '1970-02-03', 'id@outlook.couk', 'F', 2),
(206, 'Alan', 'Carr Johns', '1983-01-23', 'tristique.neque@icloud.couk', 'F', 1),
(207, 'Jordan', 'Pruitt Walsh', '1964-09-14', 'aliquam.enim@icloud.couk', 'M', 1),
(208, 'Debra', 'Reid Vance', '1980-03-01', 'nonummy@aol.couk', 'F', 2),
(209, 'Gavin', 'Michael Horne', '1998-12-21', 'lorem.tristique@yahoo.couk', 'M', 2),
(210, 'Thaddeus', 'Dawson Camacho', '1982-11-10', 'pretium.et.rutrum@yahoo.edu', 'M', 1),
(211, 'Kalia', 'Gamble Noble', '1972-03-22', 'donec.consectetuer.mauris@yahoo.com', 'M', 1),
(212, 'Tasha', 'Roberts Sullivan', '1967-08-28', 'blandit.viverra.donec@outlook.com', 'M', 2),
(213, 'Kylan', 'Moore Leonard', '1984-09-07', 'ut.eros.non@icloud.couk', 'M', 1),
(214, 'Castor', 'Oneal Hickman', '1984-11-08', 'iaculis.quis@yahoo.org', 'M', 1),
(215, 'Scarlet', 'Best Holcomb', '1997-08-16', 'diam@yahoo.ca', 'M', 3),
(216, 'Jackson', 'Carver Winters', '1986-03-29', 'tincidunt.nunc@hotmail.couk', 'M', 1),
(217, 'Garrison', 'Hoffman Sargent', '1971-09-02', 'ligula.donec.luctus@protonmail.com', 'M', 2),
(218, 'Benjamin', 'Morin Rosario', '2002-04-17', 'penatibus.et@hotmail.ca', 'M', 2),
(219, 'Martena', 'Kaufman Cobb', '1967-04-15', 'primis.in@protonmail.edu', 'M', 2),
(220, 'Jameson', 'Snyder Salinas', '1970-08-24', 'imperdiet.non@google.ca', 'M', 3),
(221, 'Peter', 'Snow Rich', '1997-11-05', 'et.magna@yahoo.org', 'F', 2),
(222, 'Mona', 'Chaney Montgomery', '2004-08-03', 'vivamus.nibh@icloud.com', 'M', 1),
(223, 'Samson', 'Espinoza Howard', '1960-09-12', 'aenean.eget@hotmail.edu', 'M', 2),
(224, 'Keith', 'Rogers Vaughn', '1993-09-28', 'consectetuer.adipiscing@google.ca', 'F', 2),
(225, 'Ethan', 'Durham Reyes', '1995-03-28', 'ornare@icloud.ca', 'F', 2),
(226, 'Cynthia', 'Scott Farmer', '1960-01-19', 'aliquet.lobortis@aol.net', 'M', 2),
(227, 'Martha', 'Farmer Sexton', '1996-03-05', 'elit@protonmail.com', 'M', 2),
(228, 'Melissa', 'Valentine Singleton', '1980-05-12', 'sociis.natoque@protonmail.org', 'F', 1),
(229, 'Derek', 'Clayton Doyle', '1976-02-21', 'ut.lacus@google.edu', 'F', 3),
(230, 'Hiroko', 'Sullivan Shelton', '1960-06-11', 'ut.tincidunt@outlook.com', 'F', 1),
(231, 'Kasper', 'Knox Hancock', '1960-06-07', 'sem.elit.pharetra@hotmail.net', 'M', 2),
(232, 'Dominique', 'Hubbard Tyson', '1992-07-14', 'nisi.sem.semper@protonmail.org', 'M', 1),
(233, 'Orlando', 'Ortega Hawkins', '1960-10-20', 'vel.turpis.aliquam@google.net', 'M', 3),
(234, 'Tamekah', 'Key Conrad', '2004-09-24', 'consectetuer@protonmail.net', 'M', 3),
(235, 'Luke', 'Watkins Russell', '1985-01-21', 'tempus.risus@hotmail.couk', 'F', 2),
(236, 'Imani', 'Mcneil Weeks', '2004-10-31', 'molestie@protonmail.edu', 'M', 2),
(237, 'Rhea', 'Sharpe Knight', '1962-10-11', 'a.purus@google.couk', 'M', 2),
(238, 'Jared', 'Rowland Benton', '1999-08-08', 'purus.accumsan@icloud.couk', 'F', 2),
(239, 'Louis', 'Delaney Gallagher', '1961-04-21', 'sagittis@hotmail.edu', 'F', 2),
(240, 'Myles', 'Wooten Bryant', '1987-03-16', 'lectus.cum@hotmail.edu', 'F', 1),
(241, 'Cyrus', 'Gordon Stuart', '2001-03-25', 'vehicula.pellentesque.tincidunt@icloud.ca', 'F', 2),
(242, 'Abbot', 'Palmer Munoz', '2004-12-26', 'non.feugiat@aol.net', 'M', 2),
(243, 'Kaseem', 'Solis Kaufman', '1998-01-22', 'vitae@yahoo.edu', 'M', 3),
(244, 'Daniel', 'Miles Mathews', '1982-02-06', 'neque.sed.sem@icloud.ca', 'M', 1),
(245, 'Raymond', 'Crawford Mayo', '1969-03-19', 'vitae@yahoo.edu', 'M', 2),
(246, 'Leah', 'Hubbard Mack', '2005-11-23', 'sodales@outlook.com', 'M', 3),
(247, 'Lyle', 'Gutierrez Fry', '1967-08-26', 'morbi.quis@aol.ca', 'F', 3),
(248, 'Maisie', 'Williams Griffith', '1968-06-14', 'elit.etiam@icloud.com', 'F', 2),
(249, 'Abra', 'Carpenter Rios', '1990-12-15', 'morbi.non@yahoo.com', 'M', 2),
(250, 'Kermit', 'Duncan Walls', '1991-11-18', 'nulla@protonmail.org', 'F', 1);

--
-- Índices para tablas volcadas
--

--
-- Indices de la tabla `citas_cata_gustos`
--
ALTER TABLE `Citas_Cata_Gustos`
  ADD PRIMARY KEY (`Id`);

--
-- Indices de la tabla `citas_citas`
--
ALTER TABLE `Citas_Citas`
  ADD PRIMARY KEY (`Id`),
  ADD KEY `Id_Invita` (`Id_Invita`),
  ADD KEY `Id_Acepta` (`Id_Acepta`),
  ADD KEY `Id_Estatus` (`Id_Estatus`);

--
-- Indices de la tabla `citas_estatus`
--
ALTER TABLE `Citas_Estatus`
  ADD PRIMARY KEY (`Id`);

--
-- Indices de la tabla `citas_gustos`
--
ALTER TABLE `Citas_Gustos`
  ADD PRIMARY KEY (`Id`),
  ADD UNIQUE KEY `unico` (`Id_Usuario`,`Id_Gusto`),
  ADD KEY `Id_Usuario` (`Id_Usuario`),
  ADD KEY `Id_Gusto` (`Id_Gusto`);

--
-- Indices de la tabla `citas_tendencia`
--
ALTER TABLE `Citas_Tendencia`
  ADD PRIMARY KEY (`Id`);

--
-- Indices de la tabla `citas_usuarios`
--
ALTER TABLE `Citas_Usuarios`
  ADD PRIMARY KEY (`Id`),
  ADD KEY `Id_Tendencia` (`Id_Tendencia`);

--
-- AUTO_INCREMENT de las tablas volcadas
--

--
-- AUTO_INCREMENT de la tabla `citas_cata_gustos`
--
ALTER TABLE `Citas_Cata_Gustos`
  MODIFY `Id` int(11) NOT NULL AUTO_INCREMENT, AUTO_INCREMENT=46;

--
-- AUTO_INCREMENT de la tabla `citas_citas`
--
ALTER TABLE `Citas_Citas`
  MODIFY `Id` int(10) UNSIGNED NOT NULL AUTO_INCREMENT, AUTO_INCREMENT=235;

--
-- AUTO_INCREMENT de la tabla `citas_estatus`
--
ALTER TABLE `Citas_Estatus`
  MODIFY `Id` int(11) NOT NULL AUTO_INCREMENT, AUTO_INCREMENT=4;

--
-- AUTO_INCREMENT de la tabla `citas_gustos`
--
ALTER TABLE `Citas_Gustos`
  MODIFY `Id` int(11) NOT NULL AUTO_INCREMENT, AUTO_INCREMENT=6841;

--
-- AUTO_INCREMENT de la tabla `citas_tendencia`
--
ALTER TABLE `Citas_Tendencia`
  MODIFY `Id` int(11) NOT NULL AUTO_INCREMENT, AUTO_INCREMENT=4;

--
-- AUTO_INCREMENT de la tabla `citas_usuarios`
--
ALTER TABLE `Citas_Usuarios`
  MODIFY `Id` int(11) NOT NULL AUTO_INCREMENT, AUTO_INCREMENT=501;

--
-- Restricciones para tablas volcadas
--

--
-- Filtros para la tabla `citas_citas`
--
ALTER TABLE `Citas_Citas`
  ADD CONSTRAINT `Citas_Citas_ibfk_1` FOREIGN KEY (`Id_Invita`) REFERENCES `citas_usuarios` (`Id`),
  ADD CONSTRAINT `Citas_Citas_ibfk_2` FOREIGN KEY (`Id_Acepta`) REFERENCES `citas_usuarios` (`Id`),
  ADD CONSTRAINT `Citas_Citas_ibfk_3` FOREIGN KEY (`Id_Estatus`) REFERENCES `Citas_Estatus` (`Id`);

--
-- Filtros para la tabla `citas_gustos`
--
ALTER TABLE `Citas_Gustos`
  ADD CONSTRAINT `Citas_Gustos_ibfk_1` FOREIGN KEY (`Id_Usuario`) REFERENCES `Citas_Usuarios` (`Id`),
  ADD CONSTRAINT `Citas_Gustos_ibfk_2` FOREIGN KEY (`Id_Gusto`) REFERENCES `Citas_Cata_Gustos` (`Id`);

--
-- Filtros para la tabla `citas_usuarios`
--
ALTER TABLE `Citas_Usuarios`
  ADD CONSTRAINT `Citas_Usuarios_ibfk_1` FOREIGN KEY (`Id_Tendencia`) REFERENCES `Citas_Tendencia` (`Id`) ON DELETE CASCADE ON UPDATE CASCADE;
COMMIT;

/*!40101 SET CHARACTER_SET_CLIENT=@OLD_CHARACTER_SET_CLIENT */;
/*!40101 SET CHARACTER_SET_RESULTS=@OLD_CHARACTER_SET_RESULTS */;
/*!40101 SET COLLATION_CONNECTION=@OLD_COLLATION_CONNECTION */;
